Gender,Religion_ID,Designation_ID,Status,Employment_Category,Year_of_Birth,ages_in_the_company,reported,Employment_Type_Contarct Basis,Employment_Type_Permanant,Marital_Status
1,1,24,1,2,1965.0,29.084931506849315,0,0.0,1.0,Married
1,1,24,1,2,1973.0,27.82191780821918,0,0.0,1.0,Married
1,1,23,0,2,1974.0,33.44109589041096,0,0.0,1.0,Married
0,4,40,0,2,1974.0,22.350684931506848,0,0.0,1.0,Married
1,1,7,1,2,1980.0,21.945205479452056,0,0.0,1.0,Married
1,1,22,0,2,1962.0,19.27123287671233,0,0.0,1.0,Married
1,1,22,1,2,1969.0,19.156164383561645,1,0.0,1.0,Married
1,1,126,1,2,1981.0,18.887671232876716,0,0.0,1.0,Married
0,1,23,1,2,1974.0,17.5972602739726,0,0.0,1.0,Single
1,1,41,0,2,1967.0,15.597260273972603,0,0.0,1.0,Married
1,1,42,0,3,1976.0,14.693150684931506,0,0.0,1.0,Married
1,3,7,1,2,1986.0,16.17808219178082,0,0.0,1.0,Single
1,1,24,0,2,1975.0,14.005479452054796,0,0.0,1.0,Married
1,1,43,0,2,1984.0,15.147945205479452,0,0.0,1.0,Married
1,1,44,0,2,1973.0,14.136986301369864,0,0.0,1.0,Married
0,1,45,0,3,1963.0,10.75068493150685,0,1.0,0.0,Single
1,1,46,0,2,1981.0,12.416438356164385,0,1.0,0.0,Married
1,1,35,1,2,1990.0,12.191780821917808,0,1.0,0.0,Married
1,1,7,1,2,1961.0,11.783561643835617,0,1.0,0.0,Married
1,5,48,1,2,1982.0,11.169863013698633,1,1.0,0.0,Single
1,1,33,0,2,1965.0,11.12054794520548,0,1.0,0.0,Married
1,1,27,0,2,1991.0,10.942465753424658,0,1.0,0.0,Single
1,1,24,1,2,1978.0,10.931506849315069,0,1.0,0.0,Married
1,5,22,1,2,1982.0,10.8,1,1.0,0.0,Married
1,1,24,1,2,1994.0,10.62191780821918,0,1.0,0.0,Married
1,1,8,1,2,1989.0,10.58082191780822,0,1.0,0.0,Married
1,1,49,1,2,1986.0,10.495890410958904,0,1.0,0.0,Married
1,1,22,0,2,1989.0,10.126027397260271,0,1.0,0.0,Married
1,1,24,1,2,1994.0,10.054794520547944,0,1.0,0.0,Married
1,1,37,0,2,1960.0,9.942465753424658,0,1.0,0.0,Married
1,5,22,1,2,1989.0,9.90958904109589,1,1.0,0.0,Married
1,5,6,1,2,1965.0,9.75890410958904,1,1.0,0.0,Married
1,1,46,0,2,1993.0,8.479452054794521,0,1.0,0.0,Married
1,1,67,1,2,1993.0,9.36986301369863,0,1.0,0.0,Single
1,3,27,0,2,1989.0,7.594520547945206,0,1.0,0.0,Married
1,3,27,1,2,1988.0,8.942465753424658,0,1.0,0.0,Single
1,1,7,1,2,1972.0,8.854794520547944,0,1.0,0.0,Married
1,1,24,0,2,1995.0,8.863013698630137,0,1.0,0.0,Single
1,1,43,0,2,1992.0,8.67123287671233,0,1.0,0.0,Married
1,1,36,1,2,1987.0,8.583561643835617,1,1.0,0.0,Single
1,1,27,0,2,1986.7142857142856,8.56986301369863,0,1.0,0.0,Single
1,3,8,0,2,1990.0,8.295890410958904,0,1.0,0.0,Single
1,1,8,1,2,1990.0,8.257534246575343,0,1.0,0.0,Single
1,1,52,0,2,1995.0,6.317808219178082,0,1.0,0.0,Single
1,1,24,1,2,1992.7142857142856,7.684931506849315,0,1.0,0.0,Married
1,1,35,0,2,1997.0,7.676712328767123,0,1.0,0.0,Single
1,3,54,0,2,1985.0,6.586301369863014,0,1.0,0.0,Single
1,4,36,0,2,1982.0,6.153424657534247,0,1.0,0.0,Single
1,3,27,0,2,1986.0,5.8191780821917805,0,1.0,0.0,Married
1,1,22,0,2,1988.0,5.772602739726027,0,1.0,0.0,Married
1,1,24,1,2,1995.0,7.33972602739726,0,1.0,0.0,Married
1,1,24,0,2,1997.0,6.665753424657535,0,1.0,0.0,Single
0,1,8,0,2,1981.0,5.235616438356164,0,1.0,0.0,Married
1,1,57,1,2,1987.0,6.6438356164383565,0,1.0,0.0,Single
1,1,24,0,2,1988.0,6.605479452054794,0,1.0,0.0,Single
1,1,38,0,2,1965.0,6.046575342465753,0,1.0,0.0,Married
1,1,58,0,2,1962.0,1.3150684931506849,0,1.0,0.0,Married
0,1,48,1,2,1980.0,6.298630136986302,0,1.0,0.0,Married
1,1,62,1,1,1947.0,4.002739726027397,0,1.0,0.0,Married
1,1,63,0,2,1993.0,5.906849315068493,0,1.0,0.0,Married
1,1,64,0,2,1972.0,4.589041095890411,0,1.0,0.0,Married
1,1,22,1,2,1988.0,6.049315068493151,1,1.0,0.0,Single
1,3,27,1,2,1981.0,6.049315068493151,0,1.0,0.0,Married
1,1,8,0,2,1991.0,5.010958904109589,0,1.0,0.0,Married
1,1,59,1,2,1991.0,5.961643835616439,0,1.0,0.0,Single
1,1,113,1,2,1981.0,5.978082191780822,0,1.0,0.0,Single
0,1,59,0,2,1989.0,4.556164383561644,0,1.0,0.0,Single
1,1,6,0,2,1966.0,5.876712328767123,0,1.0,0.0,Married
1,1,31,0,1,1955.0,2.4136986301369863,0,1.0,0.0,Married
1,1,31,0,1,1966.0,1.9424657534246572,0,1.0,0.0,Married
1,1,31,0,1,1976.0,0.347945205479452,0,1.0,0.0,Married
1,1,22,0,3,1985.0,5.841095890410959,0,1.0,0.0,Single
1,1,7,1,2,1961.0,5.780821917808219,0,1.0,0.0,Married
1,3,49,0,2,1992.142857142857,4.904109589041096,1,1.0,0.0,Single
1,1,30,0,1,1973.7142857142856,4.002739726027397,0,1.0,0.0,Married
1,1,31,0,1,1967.0,2.5863013698630137,0,1.0,0.0,Married
1,1,30,0,1,1955.0,2.838356164383561,0,1.0,0.0,Married
1,1,1,0,1,1977.142857142857,4.002739726027397,0,1.0,0.0,Married
1,1,31,0,1,1976.0,3.4136986301369863,0,1.0,0.0,Married
1,3,31,1,1,1975.857142857143,4.002739726027397,0,1.0,0.0,Married
1,1,1,0,1,1992.0,0.9123287671232876,0,1.0,0.0,Single
1,1,31,0,1,1959.0,1.9095890410958904,0,1.0,0.0,Married
1,5,22,0,2,1985.0,4.654794520547945,0,1.0,0.0,Married
0,1,70,0,2,1992.0,5.635616438356164,0,1.0,0.0,Married
1,3,69,0,2,1989.0,5.493150684931507,0,1.0,0.0,Single
0,1,59,1,2,1984.0,5.578082191780822,0,1.0,0.0,Single
1,1,22,0,2,1986.0,3.9287671232876713,1,1.0,0.0,Married
1,1,1,0,1,1983.0,1.252054794520548,0,1.0,0.0,Married
1,1,124,1,1,1992.0,4.002739726027397,0,1.0,0.0,Married
1,3,31,0,1,1995.0,4.002739726027397,0,1.0,0.0,Single
1,1,29,1,1,1957.0,4.002739726027397,0,1.0,0.0,Married
1,1,22,1,2,1988.0,5.506849315068493,1,1.0,0.0,Married
1,1,31,0,1,1958.0,0.8986301369863013,0,1.0,0.0,Married
1,3,31,0,1,1991.0,2.1671232876712327,0,1.0,0.0,Married
1,1,37,0,2,1959.0,3.841095890410959,0,1.0,0.0,Married
1,1,24,0,2,1986.7142857142856,5.315068493150685,0,1.0,0.0,Single
0,3,8,0,2,1993.0,5.298630136986302,0,1.0,0.0,Married
1,3,8,0,2,1991.0,4.408219178082192,0,1.0,0.0,Single
1,1,24,0,2,1994.0,5.252054794520548,0,1.0,0.0,Single
0,1,65,0,2,1994.0,3.2164383561643834,0,1.0,0.0,Single
1,1,8,0,2,1992.0,5.03013698630137,0,1.0,0.0,Single
1,1,72,1,2,1990.0,4.964383561643835,0,1.0,0.0,Single
0,1,8,1,2,1993.0,4.964383561643835,0,1.0,0.0,Single
1,1,1,0,1,1977.142857142857,4.002739726027397,0,1.0,0.0,Married
1,1,1,0,1,1980.142857142857,1.915068493150685,0,1.0,0.0,Married
0,1,31,1,1,1970.0,4.002739726027397,0,1.0,0.0,Married
1,1,1,0,1,1994.0,3.9808219178082194,0,1.0,0.0,Married
1,3,31,0,1,1997.0,3.032876712328767,0,1.0,0.0,Single
1,5,69,0,2,1997.0,4.876712328767123,0,1.0,0.0,Single
1,1,107,1,2,1991.0,4.86027397260274,1,1.0,0.0,Single
1,5,27,0,2,1994.0,4.7095890410958905,0,1.0,0.0,Single
1,1,43,0,2,1993.0,4.704109589041096,0,1.0,0.0,Single
0,1,88,0,2,1995.0,3.252054794520548,0,1.0,0.0,Single
0,1,111,0,2,1994.0,3.197260273972603,0,1.0,0.0,Single
1,1,89,1,2,1990.0,3.6986301369863015,0,1.0,0.0,Single
1,1,97,0,3,1978.0,3.5753424657534247,0,1.0,0.0,Married
1,1,101,0,2,2001.0,0.4849315068493151,0,1.0,0.0,Single
1,1,24,0,2,1973.0,3.334246575342466,0,1.0,0.0,Married
0,1,175,1,2,1984.0,3.219178082191781,0,1.0,0.0,Single
1,1,17,0,2,1996.0,3.1890410958904107,0,1.0,0.0,Single
1,1,78,0,2,1992.0,4.457534246575342,0,1.0,0.0,Single
1,1,193,0,3,1993.142857142857,3.717808219178082,0,1.0,0.0,Married
1,1,127,1,3,1972.0,4.16986301369863,0,1.0,0.0,Married
1,1,110,1,3,1981.7142857142856,4.16986301369863,0,1.0,0.0,Married
1,1,79,0,2,1995.0,4.041095890410959,0,1.0,0.0,Single
0,1,84,0,2,1992.0,3.947945205479452,0,1.0,0.0,Married
1,1,88,0,2,1998.0,1.7397260273972603,0,1.0,0.0,Single
1,1,88,0,2,1997.0,3.813698630136986,0,1.0,0.0,Single
1,1,113,0,2,1995.0,2.347945205479452,0,1.0,0.0,Single
1,1,45,0,3,1966.0,2.3013698630136985,1,1.0,0.0,Married
1,4,98,0,2,1985.0,3.558904109589041,0,1.0,0.0,Single
0,1,84,0,2,1990.0,1.5698630136986302,0,1.0,0.0,Married
1,1,24,0,2,1992.0,1.736986301369863,0,1.0,0.0,Single
0,1,104,0,2,1983.0,3.16986301369863,0,1.0,0.0,Married
0,1,143,0,2,1999.0,2.419178082191781,0,1.0,0.0,Single
1,1,22,1,2,1965.0,23.49041095890411,1,0.0,1.0,Married
1,1,7,1,2,1981.0,19.27123287671233,0,0.0,1.0,Married
1,1,36,1,2,1988.0,3.3972602739726026,1,1.0,0.0,Married
1,1,8,0,2,1990.0,3.410958904109589,0,1.0,0.0,Married
1,1,22,0,2,1985.142857142857,3.421917808219178,0,1.0,0.0,Married
1,1,36,0,2,1961.0,3.421917808219178,0,1.0,0.0,Married
1,5,22,0,2,1984.2857142857144,3.421917808219178,0,1.0,0.0,Single
1,1,22,0,2,1995.0,3.421917808219178,0,1.0,0.0,Single
1,1,22,0,2,1991.0,3.3835616438356166,0,1.0,0.0,Single
1,1,22,0,2,1992.0,3.419178082191781,0,1.0,0.0,Single
1,1,27,0,2,1993.0,3.421917808219178,0,1.0,0.0,Married
1,1,22,1,2,1991.0,3.364383561643836,1,1.0,0.0,Single
0,1,157,1,2,1988.0,3.0876712328767124,0,1.0,0.0,Single
1,1,22,0,2,1961.0,2.96986301369863,0,1.0,0.0,Married
0,1,48,0,2,1996.0,1.832876712328767,1,1.0,0.0,Single
1,3,22,0,2,1993.0,2.989041095890411,0,1.0,0.0,Single
1,1,33,0,2,1981.0,1.5452054794520549,1,1.0,0.0,Married
1,1,6,0,2,1984.0,3.084931506849315,1,1.0,0.0,Married
1,1,7,1,2,1996.0,3.0794520547945203,0,1.0,0.0,Married
0,1,89,0,2,1993.0,1.4136986301369865,0,1.0,0.0,Single
1,3,22,0,2,1994.0,1.2602739726027397,0,1.0,0.0,Single
0,1,84,0,2,1986.0,3.0191780821917806,0,1.0,0.0,Married
1,3,9,0,2,1995.0,2.704109589041096,0,1.0,0.0,Married
1,1,27,0,2,1971.0,2.334246575342466,0,1.0,0.0,Married
1,1,7,0,2,1946.0,2.084931506849315,0,1.0,0.0,Married
1,1,33,0,2,1986.2857142857144,2.6794520547945204,0,1.0,0.0,Married
1,3,8,0,2,1993.0,2.602739726027397,0,1.0,0.0,Single
1,5,33,0,2,1994.0,3.695890410958904,0,1.0,0.0,Single
1,1,64,0,2,1984.0,2.5972602739726027,0,1.0,0.0,Married
1,1,27,0,2,1991.0,2.021917808219178,1,1.0,0.0,Single
1,1,27,1,2,1993.0,3.4465753424657533,1,1.0,0.0,Single
1,1,8,0,2,1987.0,2.419178082191781,1,1.0,0.0,Single
1,1,36,0,2,1990.0,3.2986301369863016,0,1.0,0.0,Single
1,1,108,1,2,1992.0,3.2986301369863016,1,1.0,0.0,Single
1,1,6,0,2,1965.0,2.7013698630136984,1,1.0,0.0,Married
0,1,48,0,2,1993.0,2.1671232876712327,0,1.0,0.0,Single
1,1,22,1,2,1990.0,3.334246575342466,1,1.0,0.0,Single
1,1,6,0,2,1981.0,2.4657534246575343,0,1.0,0.0,Married
1,1,48,0,2,1993.0,2.621917808219178,0,1.0,0.0,Single
1,1,27,0,2,1989.0,1.6904109589041096,0,1.0,0.0,Single
1,1,33,0,2,1992.0,4.019178082191781,0,1.0,0.0,Single
1,1,33,0,2,1990.0,3.4876712328767123,0,1.0,0.0,Married
1,1,64,1,2,1971.0,3.336986301369863,0,1.0,0.0,Married
1,3,27,0,2,1996.0,3.295890410958904,0,1.0,0.0,Single
1,3,36,1,2,1994.0,3.295890410958904,0,1.0,0.0,Single
1,1,22,0,2,1989.0,3.2684931506849315,0,1.0,0.0,Married
1,3,22,0,2,1989.0,2.9917808219178084,0,1.0,0.0,Single
1,1,8,0,2,1966.0,3.2684931506849315,0,1.0,0.0,Married
1,1,22,0,2,1987.0,3.254794520547945,0,1.0,0.0,Married
1,3,7,0,2,1952.0,1.556164383561644,0,1.0,0.0,Married
1,3,22,0,2,1985.0,3.512328767123288,0,1.0,0.0,Married
1,1,8,0,2,1996.0,2.564383561643836,0,1.0,0.0,Single
1,3,33,0,2,1987.0,2.241095890410959,0,1.0,0.0,Single
1,3,36,1,2,1987.0,3.156164383561644,0,1.0,0.0,Married
1,4,6,0,2,1971.0,3.1232876712328768,1,1.0,0.0,Married
1,1,64,1,2,1968.0,3.1205479452054794,0,1.0,0.0,Married
1,3,6,0,2,1969.0,3.117808219178082,1,1.0,0.0,Married
1,3,33,0,2,1987.0,3.117808219178082,0,1.0,0.0,Married
1,1,7,1,2,1976.0,3.104109589041096,0,1.0,0.0,Married
1,1,64,0,2,1969.0,3.117808219178082,0,1.0,0.0,Married
1,1,54,0,2,1981.0,3.112328767123288,0,1.0,0.0,Single
1,1,35,0,2,1992.0,1.7863013698630137,0,1.0,0.0,Married
1,1,8,0,2,1988.0,3.084931506849315,0,1.0,0.0,Married
1,3,8,1,2,1981.0,17.104109589041094,0,1.0,0.0,Married
1,1,102,0,2,1978.0,4.087671232876712,0,1.0,0.0,Married
1,1,39,0,2,1993.0,2.6575342465753424,0,1.0,0.0,Single
1,1,7,0,2,1993.0,3.671232876712329,0,1.0,0.0,Single
1,1,8,1,2,1988.0,3.468493150684932,0,1.0,0.0,Married
1,1,7,0,2,1994.0,4.542465753424658,0,1.0,0.0,Single
1,1,80,0,2,1985.0,4.210958904109589,0,1.0,0.0,Married
1,1,6,0,2,1983.0,2.3863013698630136,0,1.0,0.0,Married
1,1,36,0,2,1986.0,4.389041095890411,0,1.0,0.0,Single
1,1,22,0,2,1987.0,3.306849315068493,0,1.0,0.0,Married
1,3,6,0,2,1991.0,3.635616438356165,0,1.0,0.0,Single
1,5,24,0,2,1976.0,3.16986301369863,0,1.0,0.0,Married
1,5,73,1,2,1978.0,3.1232876712328768,1,1.0,0.0,Married
1,1,48,0,2,1991.7142857142856,6.093150684931507,0,1.0,0.0,Married
1,1,37,0,2,1980.0,5.046575342465753,0,1.0,0.0,Married
1,1,31,0,1,1958.0,3.6986301369863015,0,1.0,0.0,Single
1,1,55,0,1,1976.0,2.495890410958904,0,1.0,0.0,Married
1,1,31,0,1,1993.0,1.991780821917808,0,1.0,0.0,Single
1,1,31,0,1,1971.0,2.0,0,1.0,0.0,Married
1,1,31,0,1,1955.0,0.4821917808219178,0,1.0,0.0,Married
1,1,55,0,1,1991.0,2.0,0,1.0,0.0,Married
1,1,22,0,2,1978.0,22.578082191780823,0,0.0,1.0,Married
1,1,31,0,1,1972.0,1.9095890410958904,0,1.0,0.0,Married
1,1,31,0,1,1954.0,3.9178082191780814,0,1.0,0.0,Married
1,1,99,0,2,1959.0,3.526027397260274,0,1.0,0.0,Married
1,1,7,0,2,1974.0,2.6356164383561644,0,1.0,0.0,Married
1,1,22,0,2,1991.0,3.824657534246575,0,1.0,0.0,Single
1,1,6,0,2,1987.0,3.983561643835616,0,1.0,0.0,Married
1,1,99,0,2,1955.0,3.816438356164384,0,1.0,0.0,Married
1,1,31,0,1,1965.0,1.8164383561643835,0,1.0,0.0,Married
1,1,31,0,1,1981.0,2.336986301369863,0,1.0,0.0,Married
1,1,122,1,1,1958.0,2.5863013698630137,0,1.0,0.0,Married
1,1,22,1,2,1986.0,6.03013698630137,1,1.0,0.0,Married
1,1,122,1,1,1991.0,3.336986301369863,0,1.0,0.0,Single
1,1,31,0,1,1992.0,1.263013698630137,0,1.0,0.0,Single
1,1,122,0,1,1961.0,1.1232876712328768,0,1.0,0.0,Married
1,1,122,0,1,1981.0,1.4712328767123288,0,1.0,0.0,Married
1,1,48,0,2,1994.0,3.736986301369863,0,1.0,0.0,Single
1,1,31,0,1,1999.0,0.8794520547945206,0,1.0,0.0,Single
1,1,24,0,2,1972.0,4.23013698630137,0,1.0,0.0,Married
1,5,65,0,2,1994.0,3.632876712328767,0,1.0,0.0,Single
1,1,86,1,2,1993.0,3.852054794520548,0,1.0,0.0,Single
1,1,33,0,2,1992.0,2.3589041095890413,0,1.0,0.0,Single
1,3,6,0,2,1962.0,0.6986301369863014,1,1.0,0.0,Married
0,1,125,1,2,1993.0,2.4794520547945207,0,1.0,0.0,Single
1,1,31,0,1,1958.0,1.1561643835616435,0,1.0,0.0,Married
0,1,125,1,2,1996.0,2.4986301369863013,0,1.0,0.0,Single
0,1,125,0,2,1993.0,4.638356164383562,0,1.0,0.0,Single
1,1,31,0,1,1967.0,0.8767123287671232,0,1.0,0.0,Married
0,1,22,0,2,1970.0,1.5808219178082192,0,1.0,0.0,Married
1,1,24,0,2,1978.0,2.9013698630136986,0,1.0,0.0,Married
1,1,22,0,2,1991.0,1.2575342465753423,0,1.0,0.0,Married
1,1,124,0,1,1964.0,2.835616438356164,0,1.0,0.0,Married
1,5,27,0,2,1993.0,4.7095890410958905,0,1.0,0.0,Single
1,1,51,0,2,2000.0,2.3589041095890413,0,1.0,0.0,Single
1,1,80,0,2,1985.0,4.002739726027397,0,1.0,0.0,Married
1,3,33,0,2,1987.0,3.558904109589041,0,1.0,0.0,Married
1,3,36,0,2,1991.0,1.3945205479452054,0,1.0,0.0,Single
1,1,8,1,2,1987.0,12.578082191780824,0,1.0,0.0,Married
1,1,64,0,2,1976.0,3.1013698630136988,0,1.0,0.0,Married
1,1,1,0,1,1978.0,0.7452054794520548,0,1.0,0.0,Married
1,1,31,0,1,1971.0,2.421917808219178,0,1.0,0.0,Married
1,1,31,0,1,1974.0,1.978082191780822,0,1.0,0.0,Married
1,1,31,0,1,1984.0,2.073972602739726,0,1.0,0.0,Single
1,1,31,0,1,1984.0,0.1726027397260274,0,1.0,0.0,Married
1,1,31,0,1,1986.0,0.1972602739726027,0,1.0,0.0,Married
1,1,1,0,1,1975.0,2.317808219178082,0,1.0,0.0,Married
1,1,7,1,2,1994.0,5.917808219178082,0,1.0,0.0,Single
1,1,135,1,1,1951.0,3.254794520547945,0,1.0,0.0,Married
1,1,37,0,1,1958.0,3.068493150684932,0,1.0,0.0,Married
1,1,43,0,1,1978.0,2.9945205479452053,0,1.0,0.0,Married
1,1,31,0,1,1999.0,2.9068493150684933,0,1.0,0.0,Single
1,1,102,0,2,1963.0,15.646575342465754,0,1.0,0.0,Married
1,1,31,1,1,1994.142857142857,4.002739726027397,0,1.0,0.0,Single
1,1,31,1,1,1975.7142857142856,3.8465753424657536,0,1.0,0.0,Married
1,3,123,0,1,1982.142857142857,3.0027397260273974,0,1.0,0.0,Married
1,1,123,0,1,1976.0,1.83013698630137,0,1.0,0.0,Married
0,1,29,1,1,1968.2857142857144,2.9178082191780823,0,1.0,0.0,Married
1,1,30,1,1,1967.0,2.068493150684932,0,1.0,0.0,Married
1,1,38,0,1,1993.0,1.9589041095890407,0,1.0,0.0,Single
1,1,134,0,1,1952.0,1.4712328767123288,0,1.0,0.0,Married
1,1,31,0,1,2003.0,3.0136986301369864,0,1.0,0.0,Single
1,1,31,0,1,2003.0,3.0136986301369864,0,1.0,0.0,Single
1,1,31,0,1,1993.0,2.9452054794520546,0,1.0,0.0,Married
1,1,31,0,1,1964.0,2.887671232876712,0,1.0,0.0,Married
1,3,31,0,1,1998.857142857143,1.832876712328767,0,1.0,0.0,Single
1,1,55,0,1,1997.0,1.126027397260274,0,1.0,0.0,Single
1,1,31,0,1,2001.0,2.3835616438356166,0,1.0,0.0,Single
1,1,31,0,1,1961.0,2.0191780821917806,0,1.0,0.0,Married
1,1,31,0,1,1999.0,3.0356164383561643,0,1.0,0.0,Single
1,4,31,0,1,1990.0,3.2164383561643834,0,1.0,0.0,Married
1,4,31,1,1,2000.0,2.8109589041095893,0,1.0,0.0,Single
1,3,31,0,1,2000.0,3.024657534246576,0,1.0,0.0,Single
1,3,31,0,1,1954.0,2.4136986301369863,0,1.0,0.0,Married
1,3,31,0,1,1981.4285714285716,4.002739726027397,0,1.0,0.0,Married
1,4,31,0,1,1961.0,2.4136986301369863,0,1.0,0.0,Married
1,3,31,0,1,1996.0,4.002739726027397,0,1.0,0.0,Single
1,4,31,0,1,2000.0,3.9178082191780814,0,1.0,0.0,Single
1,4,31,0,1,1966.0,3.506849315068493,0,1.0,0.0,Married
1,3,31,0,1,1995.0,3.589041095890411,0,1.0,0.0,Single
1,1,31,0,1,1993.0,2.682191780821918,0,1.0,0.0,Married
1,1,31,0,1,1968.0,4.002739726027397,0,1.0,0.0,Married
1,1,31,0,1,1983.0,2.0575342465753423,0,1.0,0.0,Single
1,1,1,0,1,1980.0,3.589041095890411,0,1.0,0.0,Married
1,1,31,0,1,1992.0,3.1835616438356165,0,1.0,0.0,Married
1,1,31,0,1,1995.0,0.2191780821917808,0,1.0,0.0,Married
1,1,31,0,1,1999.0,0.2191780821917808,0,1.0,0.0,Single
1,3,122,1,1,1985.0,2.5863013698630137,0,1.0,0.0,Single
1,3,31,0,1,1978.0,3.276712328767123,0,1.0,0.0,Married
1,3,31,0,1,1960.0,2.1397260273972605,0,1.0,0.0,Married
1,4,31,1,1,1966.0,3.506849315068493,0,1.0,0.0,Married
1,4,1,0,1,1992.0,3.506849315068493,0,1.0,0.0,Married
1,1,30,0,1,1975.0,1.0383561643835617,0,1.0,0.0,Married
1,3,122,0,1,1981.0,3.506849315068493,0,1.0,0.0,Married
1,3,31,0,1,1998.0,2.0575342465753423,0,1.0,0.0,Single
1,3,30,0,1,1998.0,3.208219178082192,0,1.0,0.0,Single
1,3,31,0,1,1972.0,0.8712328767123287,0,1.0,0.0,Married
1,3,31,0,1,1975.0,2.884931506849315,0,1.0,0.0,Married
1,4,31,1,1,1996.0,2.8904109589041096,0,1.0,0.0,Single
1,3,30,0,1,1974.7142857142856,3.3232876712328765,0,1.0,0.0,Married
1,3,31,1,1,1981.0,2.5863013698630137,0,1.0,0.0,Married
1,3,122,0,1,1982.142857142857,2.238356164383561,0,1.0,0.0,Married
1,3,122,0,1,1982.142857142857,2.3863013698630136,0,1.0,0.0,Single
1,1,55,0,1,1970.0,3.1232876712328768,0,1.0,0.0,Married
1,1,31,0,1,1996.0,2.96986301369863,0,1.0,0.0,Single
1,1,31,0,1,1994.0,2.5616438356164384,0,1.0,0.0,Married
1,1,31,0,1,1997.0,2.863013698630137,0,1.0,0.0,Married
1,4,31,0,1,1978.142857142857,4.002739726027397,0,1.0,0.0,Married
1,3,31,0,1,1996.4285714285716,3.0,0,1.0,0.0,Single
1,1,1,0,1,1983.0,1.295890410958904,0,1.0,0.0,Married
1,1,30,0,1,1989.4285714285716,3.421917808219178,0,1.0,0.0,Single
1,4,122,1,1,1973.0,3.336986301369863,0,1.0,0.0,Married
1,3,30,0,1,1982.0,3.326027397260274,0,1.0,0.0,Married
1,4,38,0,1,1987.0,1.5753424657534247,0,1.0,0.0,Married
1,3,31,0,1,1996.4285714285716,3.0876712328767124,0,1.0,0.0,Single
1,3,122,0,1,1949.0,2.852054794520548,0,1.0,0.0,Married
1,3,122,0,1,1995.0,2.673972602739726,0,1.0,0.0,Single
1,1,30,0,1,1966.0,2.9753424657534246,0,1.0,0.0,Single
1,1,1,0,1,1966.0,2.9726027397260277,0,1.0,0.0,Married
1,1,30,0,1,1972.857142857143,2.9342465753424656,0,1.0,0.0,Married
1,3,122,0,1,1986.0,1.2328767123287672,0,1.0,0.0,Single
1,4,122,0,1,1982.142857142857,2.4273972602739726,0,1.0,0.0,Single
1,3,122,0,1,1982.142857142857,2.9178082191780823,0,1.0,0.0,Married
1,3,122,0,1,1983.142857142857,1.8027397260273967,0,1.0,0.0,Single
1,3,30,0,1,1974.7142857142856,2.884931506849315,0,1.0,0.0,Married
1,3,38,0,1,1992.2857142857144,1.8767123287671232,0,1.0,0.0,Single
0,1,134,1,1,1959.4285714285716,2.5863013698630137,0,1.0,0.0,Married
1,1,31,0,1,1970.0,3.2739726027397262,0,1.0,0.0,Married
1,1,31,0,1,1989.0,1.841095890410959,0,1.0,0.0,Married
1,1,31,0,1,1992.0,1.2136986301369863,0,1.0,0.0,Single
1,1,31,0,1,1984.0,2.512328767123288,0,1.0,0.0,Married
1,1,29,0,1,1979.0,1.5506849315068494,0,1.0,0.0,Married
1,1,135,1,1,1963.0,3.241095890410959,0,1.0,0.0,Married
1,1,135,0,1,1960.0,2.5397260273972604,0,1.0,0.0,Married
1,1,31,0,1,1971.0,1.021917808219178,0,1.0,0.0,Married
1,1,31,0,1,1977.0,2.5863013698630137,0,1.0,0.0,Married
1,1,31,0,1,1999.0,1.0356164383561643,0,1.0,0.0,Married
1,1,31,0,1,1980.0,2.1397260273972605,0,1.0,0.0,Married
1,1,31,0,1,1976.0,2.9287671232876717,0,1.0,0.0,Married
1,1,31,0,1,1963.0,2.9287671232876717,0,1.0,0.0,Married
1,1,31,0,1,1986.0,1.7589041095890412,0,1.0,0.0,Married
1,1,31,0,1,1980.0,2.126027397260274,0,1.0,0.0,Married
1,1,31,0,1,1982.0,1.0027397260273974,0,1.0,0.0,Married
1,1,31,0,1,1968.0,1.0054794520547945,0,1.0,0.0,Married
1,1,31,0,1,1971.0,2.9287671232876717,0,1.0,0.0,Married
1,1,31,0,1,1983.0,2.16986301369863,0,1.0,0.0,Married
1,1,31,0,1,1986.0,2.9287671232876717,0,1.0,0.0,Married
1,1,31,0,1,1989.0,2.1095890410958904,0,1.0,0.0,Married
1,1,31,0,1,1975.0,2.06027397260274,0,1.0,0.0,Married
1,1,31,0,1,1985.0,2.032876712328767,0,1.0,0.0,Married
1,1,134,0,1,1959.4285714285716,1.1506849315068493,0,1.0,0.0,Married
1,1,30,1,1,1984.0,2.5863013698630137,0,1.0,0.0,Married
1,1,31,0,1,1981.0,0.6027397260273972,0,1.0,0.0,Married
1,1,31,0,1,1984.0,1.4136986301369865,0,1.0,0.0,Married
1,1,1,0,1,1982.0,1.8465753424657532,0,1.0,0.0,Married
1,1,7,0,2,1970.0,7.531506849315068,0,1.0,0.0,Married
1,5,33,0,2,1993.0,4.654794520547945,0,1.0,0.0,Single
1,5,22,1,2,1977.0,3.9178082191780814,0,1.0,0.0,Married
1,1,55,0,1,1977.0,2.356164383561644,0,1.0,0.0,Married
1,1,31,0,1,1975.0,3.0,0,1.0,0.0,Married
1,1,31,0,1,1979.7142857142856,4.002739726027397,0,1.0,0.0,Married
1,1,1,0,1,1996.0,4.002739726027397,0,1.0,0.0,Single
1,1,31,0,1,1972.857142857143,2.271232876712329,0,1.0,0.0,Married
1,1,31,0,1,1977.0,2.0191780821917806,0,1.0,0.0,Married
1,1,31,0,1,1960.0,2.271232876712329,0,1.0,0.0,Married
1,1,31,0,1,1982.142857142857,3.506849315068493,0,1.0,0.0,Married
1,1,70,0,2,1997.0,2.873972602739726,0,1.0,0.0,Single
0,1,2,0,2,1993.0,2.4657534246575343,0,1.0,0.0,Single
1,1,48,1,2,1994.0,2.854794520547945,0,1.0,0.0,Single
1,1,88,0,2,1997.0,1.1534246575342466,0,1.0,0.0,Single
1,1,48,0,2,1991.857142857143,2.835616438356164,0,1.0,0.0,Single
1,1,6,1,2,1964.0,2.854794520547945,1,1.0,0.0,Married
1,1,107,1,2,1962.0,2.824657534246575,0,1.0,0.0,Married
1,1,8,1,2,1988.0,2.797260273972603,0,1.0,0.0,Single
1,1,8,0,2,1988.0,2.887671232876712,0,1.0,0.0,Married
1,1,7,1,2,1987.0,2.643835616438356,0,1.0,0.0,Single
1,1,27,0,2,1995.0,2.7534246575342465,0,1.0,0.0,Single
1,1,120,0,3,1956.0,2.6246575342465754,0,1.0,0.0,Married
1,1,29,0,1,1964.2857142857144,4.002739726027397,0,1.0,0.0,Married
1,1,1,0,1,1977.142857142857,3.2356164383561645,0,1.0,0.0,Married
1,1,1,0,1,1984.0,0.2383561643835616,0,1.0,0.0,Married
1,1,31,0,1,1971.0,3.2356164383561645,0,1.0,0.0,Married
1,1,31,1,1,1997.0,1.915068493150685,0,1.0,0.0,Married
1,1,31,0,1,1978.571428571429,3.1890410958904107,0,1.0,0.0,Married
1,1,31,0,1,1973.2857142857144,0.3890410958904109,0,1.0,0.0,Married
1,1,31,0,1,1970.2857142857144,0.1589041095890411,0,1.0,0.0,Married
1,1,53,0,1,1984.857142857143,3.112328767123288,0,1.0,0.0,Married
1,1,22,0,2,1985.0,1.8547945205479448,0,1.0,0.0,Married
1,5,31,0,1,2003.0,2.882191780821918,0,1.0,0.0,Single
1,1,128,0,2,1996.0,2.1232876712328768,0,1.0,0.0,Single
1,1,31,0,1,1997.0,3.421917808219178,0,1.0,0.0,Married
1,1,31,0,1,1996.0,3.421917808219178,0,1.0,0.0,Married
1,1,31,0,1,1968.0,3.219178082191781,0,1.0,0.0,Married
1,1,31,1,1,1985.0,1.915068493150685,0,1.0,0.0,Married
1,1,32,0,2,1959.0,12.471232876712328,0,1.0,0.0,Married
1,1,31,0,1,1992.0,0.7205479452054795,0,1.0,0.0,Married
1,1,1,0,1,1996.0,1.1534246575342466,0,1.0,0.0,Married
1,1,31,0,1,1969.0,3.2164383561643834,0,1.0,0.0,Married
1,1,31,0,1,1997.0,3.238356164383561,0,1.0,0.0,Married
1,1,31,0,1,1995.0,1.2246575342465753,0,1.0,0.0,Single
1,1,31,0,1,1996.0,3.16986301369863,0,1.0,0.0,Married
1,1,31,0,1,1973.0,1.7780821917808218,0,1.0,0.0,Married
1,1,31,0,1,1985.0,1.1424657534246576,0,1.0,0.0,Married
1,1,1,0,1,1980.0,2.1534246575342464,0,1.0,0.0,Married
1,1,1,0,1,1971.0,2.9945205479452053,0,1.0,0.0,Married
1,1,1,0,1,1988.0,1.2,0,1.0,0.0,Married
1,1,31,0,1,1977.0,2.98082191780822,0,1.0,0.0,Married
1,1,37,0,2,1974.0,2.287671232876712,0,1.0,0.0,Married
1,1,31,0,1,1988.0,2.852054794520548,0,1.0,0.0,Married
1,1,31,1,1,1969.0,2.852054794520548,0,1.0,0.0,Married
1,1,1,0,1,1974.0,2.871232876712329,0,1.0,0.0,Married
1,1,31,0,1,2003.0,2.868493150684932,0,1.0,0.0,Single
1,1,31,0,1,1999.0,1.4082191780821918,0,1.0,0.0,Single
1,1,31,0,1,1975.571428571429,3.112328767123288,0,1.0,0.0,Married
1,1,31,0,1,1975.571428571429,0.0328767123287671,0,1.0,0.0,Married
1,1,31,0,1,1975.571428571429,3.112328767123288,0,1.0,0.0,Married
1,1,31,0,1,1975.571428571429,3.112328767123288,0,1.0,0.0,Married
1,1,31,0,1,1975.571428571429,3.112328767123288,0,1.0,0.0,Married
1,1,31,0,1,1957.0,3.1424657534246574,0,1.0,0.0,Married
1,1,31,0,1,2001.0,3.0712328767123287,0,1.0,0.0,Single
1,1,31,0,1,1972.0,3.084931506849315,0,1.0,0.0,Married
1,1,31,0,1,1968.0,2.8219178082191783,0,1.0,0.0,Married
1,3,30,0,1,1994.0,2.8438356164383563,0,1.0,0.0,Single
1,1,31,0,1,1960.0,0.7945205479452054,0,1.0,0.0,Married
1,1,31,0,1,1982.0,2.808219178082192,0,1.0,0.0,Married
1,1,1,0,1,1976.0,4.002739726027397,0,1.0,0.0,Married
1,1,31,0,1,2000.0,2.808219178082192,0,1.0,0.0,Single
1,3,122,0,1,1992.0,1.6027397260273972,0,1.0,0.0,Single
1,3,122,0,1,2000.0,2.786301369863014,0,1.0,0.0,Single
1,1,31,0,1,1964.0,2.8575342465753426,0,1.0,0.0,Married
1,1,31,0,1,1976.0,2.8767123287671232,0,1.0,0.0,Married
1,1,31,0,1,1973.0,2.852054794520548,0,1.0,0.0,Married
1,1,31,0,1,1974.4285714285716,0.536986301369863,0,1.0,0.0,Married
1,1,31,0,1,1998.0,0.810958904109589,0,1.0,0.0,Single
1,1,1,0,1,1979.0,3.084931506849315,0,1.0,0.0,Married
1,1,31,0,1,1969.0,1.0986301369863014,0,1.0,0.0,Married
1,1,80,0,2,1998.0,2.868493150684932,0,1.0,0.0,Single
0,1,125,0,2,1993.0,0.8493150684931506,0,1.0,0.0,Single
1,1,27,0,2,1993.571428571429,3.421917808219178,0,1.0,0.0,Single
1,1,35,0,2,1979.4285714285716,4.413698630136986,0,1.0,0.0,Single
1,1,31,0,1,1987.0,2.43013698630137,0,1.0,0.0,Married
1,1,55,0,2,1955.0,7.252054794520548,0,1.0,0.0,Married
1,1,55,0,1,1981.4285714285716,1.3506849315068492,0,1.0,0.0,Married
1,1,27,1,2,1968.0,5.841095890410959,1,1.0,0.0,Married
1,1,31,0,1,1976.857142857143,3.084931506849315,0,1.0,0.0,Married
1,3,31,0,1,1983.0,2.868493150684932,0,1.0,0.0,Married
1,1,116,0,3,1976.0,3.213698630136986,0,1.0,0.0,Married
1,1,97,0,2,1991.0,3.841095890410959,0,1.0,0.0,Married
1,1,107,1,2,1961.0,3.372602739726027,0,1.0,0.0,Married
1,1,68,1,2,1957.0,3.6301369863013697,0,1.0,0.0,Married
1,1,55,0,1,1999.0,2.841095890410959,0,1.0,0.0,Single
1,3,108,0,2,1982.2857142857144,2.9013698630136986,0,1.0,0.0,Single
1,1,31,0,1,2001.0,2.841095890410959,0,1.0,0.0,Single
1,1,31,0,1,1978.0,0.4767123287671233,0,1.0,0.0,Married
1,1,22,0,2,1981.0,1.7452054794520548,0,1.0,0.0,Married
1,1,31,0,1,1983.571428571429,2.734246575342466,0,1.0,0.0,Single
1,1,129,0,1,1995.0,2.9178082191780823,0,1.0,0.0,Single
1,1,104,0,3,1980.0,2.5863013698630137,0,1.0,0.0,Married
1,1,31,0,1,1970.0,2.473972602739726,0,1.0,0.0,Married
1,1,31,0,1,1993.0,2.4876712328767123,0,1.0,0.0,Married
1,1,134,1,1,1959.4285714285716,2.915068493150685,0,1.0,0.0,Married
1,3,71,0,2,1980.0,4.641095890410959,0,1.0,0.0,Married
1,1,31,0,1,1993.0,0.8191780821917808,0,1.0,0.0,Single
1,1,31,0,1,1953.0,2.293150684931507,0,1.0,0.0,Single
1,5,132,0,2,1973.0,1.7397260273972603,1,1.0,0.0,Married
1,1,133,0,2,1985.0,2.580821917808219,0,1.0,0.0,Married
1,1,38,1,1,1994.0,2.750684931506849,0,1.0,0.0,Single
1,1,31,0,1,1986.0,0.8273972602739726,0,1.0,0.0,Married
1,1,122,1,1,1980.857142857143,3.336986301369863,0,1.0,0.0,Single
1,1,31,0,1,1974.2857142857144,1.3123287671232875,0,1.0,0.0,Married
1,4,31,0,1,1968.0,2.6410958904109587,0,1.0,0.0,Married
1,1,64,1,2,1976.0,2.556164383561644,0,1.0,0.0,Married
1,4,31,0,1,1979.0,2.6410958904109587,0,1.0,0.0,Married
1,4,1,0,1,1979.0,2.6246575342465754,0,1.0,0.0,Single
1,3,1,0,1,1994.0,2.6356164383561644,0,1.0,0.0,Married
1,1,31,0,1,1978.0,0.1589041095890411,0,1.0,0.0,Married
1,1,30,0,1,1966.0,2.378082191780822,0,1.0,0.0,Married
1,1,31,0,1,1983.0,1.0657534246575342,0,1.0,0.0,Married
1,1,1,0,1,1969.0,0.1589041095890411,0,1.0,0.0,Married
1,3,33,0,2,1982.0,2.0794520547945203,1,1.0,0.0,Married
1,1,8,0,2,1992.0,2.5342465753424657,0,1.0,0.0,Single
1,4,27,0,2,1995.0,2.526027397260274,0,1.0,0.0,Single
1,1,24,0,2,1995.0,2.5232876712328767,0,1.0,0.0,Married
1,1,108,0,2,1991.0,2.504109589041096,0,1.0,0.0,Single
1,3,6,0,2,1953.0,0.3835616438356164,0,1.0,0.0,Married
1,3,8,0,2,1989.0,1.547945205479452,0,1.0,0.0,Married
1,1,64,0,2,1975.0,0.5917808219178082,0,1.0,0.0,Married
1,1,62,0,1,1957.0,2.5863013698630137,0,1.0,0.0,Married
1,1,24,0,2,1980.0,1.3534246575342466,0,1.0,0.0,Married
0,1,138,1,2,1994.0,2.4794520547945207,0,1.0,0.0,Married
0,1,17,0,2,1989.0,2.4438356164383563,0,1.0,0.0,Married
1,4,104,0,3,1985.0,2.405479452054794,0,1.0,0.0,Married
1,3,140,0,2,1994.0,0.4356164383561643,0,1.0,0.0,Single
1,1,8,0,2,1992.0,2.1397260273972605,0,1.0,0.0,Single
1,1,93,0,2,1998.0,0.5945205479452055,0,1.0,0.0,Single
1,3,30,0,1,1959.0,2.4,0,1.0,0.0,Married
1,3,36,0,2,1979.0,0.1780821917808219,0,1.0,0.0,Married
1,4,31,0,1,1993.0,2.3698630136986303,0,1.0,0.0,Married
1,4,1,0,1,1977.0,2.3917808219178083,0,1.0,0.0,Married
1,3,31,0,1,1992.0,2.367123287671233,0,1.0,0.0,Married
1,4,84,0,2,1991.0,2.3123287671232875,0,1.0,0.0,Single
1,1,22,0,2,1992.0,0.4465753424657534,1,1.0,0.0,Single
1,1,7,0,2,1980.0,1.0410958904109588,0,1.0,0.0,Married
0,1,177,1,2,1999.0,2.084931506849315,0,1.0,0.0,Single
1,1,33,0,2,1993.0,0.3945205479452054,0,1.0,0.0,Single
1,1,24,0,2,1975.0,0.2273972602739726,0,1.0,0.0,Married
1,1,70,0,2,1998.0,2.249315068493151,0,1.0,0.0,Single
1,1,8,0,2,1982.0,0.8383561643835616,0,1.0,0.0,Married
1,1,144,0,2,1967.0,2.238356164383561,0,1.0,0.0,Married
1,1,24,0,2,1983.0,2.468493150684932,0,1.0,0.0,Married
1,3,146,0,2,2005.0,0.8931506849315068,0,1.0,0.0,Single
1,1,7,0,2,1988.0,2.202739726027397,0,1.0,0.0,Married
1,1,33,0,2,1994.0,0.7534246575342466,0,1.0,0.0,Single
1,1,48,0,2,1984.0,0.0958904109589041,0,1.0,0.0,Single
1,1,27,0,2,1997.0,2.208219178082192,0,1.0,0.0,Single
0,1,147,0,2,1993.0,0.2547945205479452,1,1.0,0.0,Single
1,1,176,0,2,1983.0,1.556164383561644,0,1.0,0.0,Married
1,1,8,0,2,1990.0,2.1452054794520548,0,1.0,0.0,Single
1,1,27,0,2,1998.0,0.8684931506849315,0,1.0,0.0,Single
1,1,27,0,2,1997.0,2.1452054794520548,0,1.0,0.0,Single
1,1,40,0,2,1996.0,0.8767123287671232,0,1.0,0.0,Single
1,5,22,0,2,1985.0,1.189041095890411,0,1.0,0.0,Married
1,1,80,1,2,1968.0,2.1205479452054794,0,1.0,0.0,Married
1,1,43,0,2,1991.0,2.1205479452054794,0,1.0,0.0,Married
1,1,1,0,1,1971.0,0.8,0,1.0,0.0,Single
1,1,22,0,2,2000.0,0.1589041095890411,1,1.0,0.0,Single
1,1,48,1,2,1995.0,2.084931506849315,0,1.0,0.0,Single
1,1,95,1,2,1998.0,2.0794520547945203,0,1.0,0.0,Single
1,1,24,0,2,1999.0,2.063013698630137,0,1.0,0.0,Single
0,1,17,0,2,1993.0,0.663013698630137,0,1.0,0.0,Single
0,1,149,0,2,1970.0,0.6,0,1.0,0.0,Married
1,1,27,0,2,1995.0,1.021917808219178,0,1.0,0.0,Single
1,1,8,0,2,1987.0,0.2465753424657534,0,1.0,0.0,Married
1,5,36,1,2,1983.0,2.0356164383561643,1,1.0,0.0,Married
0,1,120,0,3,1976.0,0.4931506849315068,0,1.0,0.0,Married
1,3,33,0,2,1995.0,0.589041095890411,0,1.0,0.0,Single
1,1,89,0,2,1993.0,0.6082191780821918,0,1.0,0.0,Single
1,1,22,0,2,1991.0,0.3945205479452054,1,1.0,0.0,Single
1,1,8,0,2,1985.0,0.2821917808219178,0,1.0,0.0,Single
1,1,17,0,2,1986.0,0.010958904109589,0,1.0,0.0,Married
1,3,22,0,2,1989.0,0.958904109589041,0,1.0,0.0,Single
1,1,6,0,2,1964.0,1.093150684931507,0,1.0,0.0,Married
1,1,153,1,1,1994.0,1.915068493150685,0,1.0,0.0,Single
1,1,17,0,2,1994.0,0.4821917808219178,0,1.0,0.0,Single
1,3,36,0,2,1994.0,0.3342465753424657,0,1.0,0.0,Single
1,1,66,0,3,1975.0,0.4931506849315068,0,1.0,0.0,Married
1,1,78,0,3,1990.0,0.3616438356164383,0,1.0,0.0,Married
1,3,7,0,2,1996.0,1.0547945205479452,0,1.0,0.0,Single
1,1,122,0,1,1980.0,1.4,0,1.0,0.0,Single
1,1,55,0,1,1997.0,0.7452054794520548,0,1.0,0.0,Single
1,1,134,0,1,1952.0,1.104109589041096,0,1.0,0.0,Married
1,1,48,1,2,1978.0,1.7808219178082192,0,1.0,0.0,Married
1,1,108,0,2,1983.857142857143,1.2301369863013698,0,1.0,0.0,Single
1,1,22,1,2,1987.0,1.7424657534246577,1,1.0,0.0,Married
1,1,104,0,3,1989.0,0.3506849315068493,0,1.0,0.0,Single
1,1,9,0,2,1995.0,0.3150684931506849,0,1.0,0.0,Single
1,1,1,0,1,1964.0,0.5205479452054794,0,1.0,0.0,Married
1,1,162,0,3,1970.0,0.6410958904109589,1,1.0,0.0,Married
1,1,163,0,3,1975.0,0.3123287671232876,0,1.0,0.0,Married
0,1,161,0,2,1992.0,0.3452054794520548,0,1.0,0.0,Single
1,1,27,0,2,1969.0,0.726027397260274,0,1.0,0.0,Married
1,1,27,0,2,1963.0,1.643835616438356,0,1.0,0.0,Married
1,1,31,0,1,1981.0,1.523287671232877,0,1.0,0.0,Married
1,3,30,0,1,1954.0,0.4958904109589041,0,1.0,0.0,Married
1,3,30,0,1,1992.0,0.4904109589041096,0,1.0,0.0,Married
1,1,43,0,1,1980.0,0.8164383561643835,0,1.0,0.0,Married
1,5,8,0,2,1993.0,1.5863013698630135,0,1.0,0.0,Married
1,3,122,1,1,1982.142857142857,1.9013698630136984,0,1.0,0.0,Married
1,3,122,1,1,1982.142857142857,1.9013698630136984,0,1.0,0.0,Married
1,1,122,0,1,1978.0,1.180821917808219,0,1.0,0.0,Married
1,1,122,0,1,1979.0,1.523287671232877,0,1.0,0.0,Married
1,1,24,0,1,1968.0,0.9041095890410958,0,1.0,0.0,Married
1,1,122,0,1,1992.0,0.9506849315068492,0,1.0,0.0,Married
1,1,55,0,1,1975.0,0.8136986301369863,0,1.0,0.0,Married
1,1,31,0,1,1959.0,0.4136986301369863,0,1.0,0.0,Married
1,1,31,0,1,1976.0,0.5835616438356165,0,1.0,0.0,Married
1,1,29,0,1,1979.2857142857144,1.1424657534246576,0,1.0,0.0,Married
1,3,33,0,2,1994.0,0.6191780821917808,1,1.0,0.0,Single
1,1,31,0,1,1983.0,0.810958904109589,0,1.0,0.0,Married
1,1,4,0,1,1958.0,0.5589041095890411,0,1.0,0.0,Married
1,1,31,0,1,1987.0,0.8410958904109589,0,1.0,0.0,Married
1,1,31,0,1,1978.0,0.7972602739726027,0,1.0,0.0,Married
1,1,124,0,1,1977.0,0.8164383561643835,0,1.0,0.0,Married
1,1,124,0,1,1969.0,0.8164383561643835,0,1.0,0.0,Married
1,1,31,0,1,1981.0,0.821917808219178,0,1.0,0.0,Married
1,1,31,0,1,2003.0,0.7095890410958904,0,1.0,0.0,Single
1,1,31,0,1,2002.0,0.852054794520548,0,1.0,0.0,Single
1,1,31,0,1,2002.0,0.589041095890411,0,1.0,0.0,Single
1,1,31,0,1,1994.0,1.0383561643835617,0,1.0,0.0,Married
1,1,31,0,1,1958.0,1.0383561643835617,0,1.0,0.0,Married
1,1,31,1,1,1962.0,1.5808219178082192,0,1.0,0.0,Married
1,1,31,0,1,1963.0,0.8438356164383561,0,1.0,0.0,Married
1,1,30,0,1,1998.0,0.547945205479452,0,1.0,0.0,Married
1,1,31,0,1,2001.0,0.6958904109589041,0,1.0,0.0,Single
1,1,55,0,1,1998.0,0.8191780821917808,0,1.0,0.0,Married
1,1,31,0,1,1971.0,0.3780821917808219,0,1.0,0.0,Married
1,1,31,0,1,1968.0,0.8657534246575342,0,1.0,0.0,Married
1,3,31,0,1,1978.0,0.7726027397260274,0,1.0,0.0,Married
1,1,31,0,1,1962.0,0.8191780821917808,0,1.0,0.0,Single
1,1,80,1,1,1965.0,1.547945205479452,0,1.0,0.0,Married
1,1,31,0,1,1965.0,0.8684931506849315,0,1.0,0.0,Married
1,1,55,0,1,1961.0,0.9616438356164384,0,1.0,0.0,Married
0,1,31,0,1,1998.0,0.7287671232876712,0,1.0,0.0,Married
1,1,31,0,1,1972.0,0.4,0,1.0,0.0,Married
1,1,31,0,1,1962.0,0.8273972602739726,0,1.0,0.0,Married
1,1,31,0,1,1967.0,0.736986301369863,0,1.0,0.0,Married
1,1,31,0,1,1983.0,0.7589041095890411,0,1.0,0.0,Married
1,1,90,0,2,1990.0,0.6986301369863014,0,1.0,0.0,Married
1,1,124,0,1,1974.0,0.7753424657534247,0,1.0,0.0,Married
1,1,31,1,1,1959.0,1.5041095890410958,0,1.0,0.0,Married
1,1,33,1,2,1994.0,1.5095890410958903,1,1.0,0.0,Single
1,1,124,0,1,1969.0,0.7452054794520548,0,1.0,0.0,Married
1,1,31,0,1,2001.0,0.7315068493150685,0,1.0,0.0,Single
1,1,24,0,1,1988.0,0.6575342465753424,0,1.0,0.0,Married
1,1,124,0,1,1972.857142857143,1.008219178082192,0,1.0,0.0,Married
1,1,31,0,1,2001.0,0.6301369863013698,0,1.0,0.0,Single
0,1,125,0,1,1998.0,0.4712328767123288,0,1.0,0.0,Single
1,1,167,0,3,1993.0,1.2465753424657535,0,1.0,0.0,Married
1,1,31,0,1,1954.0,0.4657534246575342,0,1.0,0.0,Married
1,1,139,0,1,1995.0,0.7671232876712328,0,1.0,0.0,Single
0,1,112,0,2,1998.0,1.378082191780822,0,1.0,0.0,Single
1,1,49,1,2,1991.0,1.4684931506849317,1,1.0,0.0,Married
1,1,24,0,2,1975.0,0.2356164383561644,0,1.0,0.0,Married
1,5,89,1,2,1994.0,1.473972602739726,0,1.0,0.0,Single
1,1,7,0,2,1979.0,0.0136986301369863,0,1.0,0.0,Married
1,1,6,1,2,1986.0,1.463013698630137,1,1.0,0.0,Married
1,1,31,0,1,1974.0,0.5589041095890411,0,1.0,0.0,Married
1,1,7,0,2,1969.0,0.0054794520547945,0,1.0,0.0,Married
1,1,158,0,2,1994.0,0.421917808219178,0,1.0,0.0,Single
1,1,31,0,1,1958.0,0.7205479452054795,0,1.0,0.0,Married
1,1,31,0,1,1978.0,0.9424657534246575,0,1.0,0.0,Married
1,1,49,0,2,1996.0,0.3589041095890411,1,1.0,0.0,Single
1,3,36,0,2,1994.0,0.3616438356164383,0,1.0,0.0,Single
1,1,31,0,1,1970.571428571429,0.421917808219178,0,1.0,0.0,Married
1,1,43,0,1,1994.0,0.5671232876712329,0,1.0,0.0,Married
1,5,124,0,1,1980.0,0.4136986301369863,0,1.0,0.0,Married
0,1,125,0,1,1989.7142857142856,0.7753424657534247,0,1.0,0.0,Single
0,1,125,0,1,1991.2857142857144,0.7205479452054795,0,1.0,0.0,Single
1,1,78,0,2,1987.0,0.3534246575342465,0,1.0,0.0,Married
1,1,33,0,2,1993.0,0.0027397260273972,0,1.0,0.0,Single
1,1,36,0,2,1991.0,0.4712328767123288,1,1.0,0.0,Single
1,1,31,0,1,1969.0,1.295890410958904,0,1.0,0.0,Married
1,1,31,0,1,1971.0,0.7397260273972602,0,1.0,0.0,Married
1,1,54,0,2,1991.0,0.2904109589041095,0,1.0,0.0,Single
1,1,36,1,2,1995.0,1.4082191780821918,0,1.0,0.0,Single
0,1,25,1,1,1980.2857142857144,1.4164383561643836,0,1.0,0.0,Married
1,3,31,0,1,1997.0,0.5506849315068493,0,1.0,0.0,Single
1,1,6,1,2,1967.0,1.3972602739726028,1,1.0,0.0,Married
1,1,22,0,2,1996.0,0.010958904109589,0,1.0,0.0,Single
1,1,22,1,2,1990.0,1.3972602739726028,1,1.0,0.0,Married
1,5,31,0,1,1964.0,0.7726027397260274,0,1.0,0.0,Married
1,1,31,0,1,1969.0,0.7315068493150685,0,1.0,0.0,Married
1,1,31,0,1,1984.0,0.4931506849315068,0,1.0,0.0,Married
0,1,170,0,2,1996.0,0.9232876712328768,0,1.0,0.0,Single
1,3,29,0,1,1985.0,0.1945205479452054,0,1.0,0.0,Married
1,1,124,0,1,1996.0,0.6438356164383562,0,1.0,0.0,Married
1,1,124,0,1,1990.0,0.726027397260274,0,1.0,0.0,Married
1,1,168,1,2,1982.0,1.3753424657534246,0,1.0,0.0,Married
1,1,158,0,2,1995.0,0.6958904109589041,0,1.0,0.0,Single
1,1,31,0,1,1993.0,0.2054794520547945,0,1.0,0.0,Single
1,1,124,0,1,1963.0,0.7178082191780822,0,1.0,0.0,Married
1,1,124,0,1,1968.0,0.7945205479452054,0,1.0,0.0,Married
1,1,31,0,1,1991.0,0.6136986301369863,0,1.0,0.0,Married
1,1,31,0,1,1991.0,0.7150684931506849,0,1.0,0.0,Single
1,1,124,0,1,1975.0,0.6136986301369863,0,1.0,0.0,Married
1,1,31,0,1,1974.0,1.2767123287671234,0,1.0,0.0,Married
1,1,31,0,1,1966.0,0.684931506849315,0,1.0,0.0,Married
1,1,31,0,1,1978.0,0.7041095890410959,0,0.0,1.0,Married
1,1,124,0,1,1955.0,0.6082191780821918,0,1.0,0.0,Married
1,1,124,0,1,1975.0,0.6054794520547945,0,1.0,0.0,Married
1,1,31,0,1,1967.0,0.6082191780821918,0,1.0,0.0,Married
1,1,22,0,2,1994.0,0.684931506849315,1,1.0,0.0,Married
1,1,122,0,1,1978.0,0.5698630136986301,0,1.0,0.0,Married
1,1,129,1,1,1997.0,1.367123287671233,0,1.0,0.0,Single
0,1,31,0,1,1988.0,0.1945205479452054,0,1.0,0.0,Married
1,1,124,0,1,1955.0,0.6986301369863014,0,1.0,0.0,Married
1,1,24,0,1,1976.0,0.5945205479452055,0,1.0,0.0,Married
1,1,31,0,1,2003.0,0.4191780821917808,0,1.0,0.0,Single
1,1,24,0,1,1986.0,0.4602739726027397,0,1.0,0.0,Married
1,1,24,0,1,1977.0,0.6191780821917808,0,1.0,0.0,Married
1,1,56,1,1,2002.0,1.336986301369863,0,1.0,0.0,Single
1,3,31,1,1,2002.0,1.347945205479452,0,1.0,0.0,Single
1,1,31,0,1,1972.0,0.1835616438356164,0,1.0,0.0,Married
1,1,22,1,2,1989.0,1.336986301369863,1,1.0,0.0,Single
1,1,31,0,1,1994.0,0.2164383561643835,0,1.0,0.0,Married
1,3,31,1,1,2002.0,1.347945205479452,0,1.0,0.0,Single
1,1,124,0,1,1980.857142857143,0.5972602739726027,0,1.0,0.0,Single
1,1,31,0,1,1966.0,0.5780821917808219,0,1.0,0.0,Married
1,1,31,0,1,1994.7142857142856,0.5726027397260274,0,1.0,0.0,Single
1,1,31,0,1,1985.0,0.6575342465753424,0,1.0,0.0,Single
1,1,78,0,2,1985.0,0.6767123287671233,0,1.0,0.0,Single
1,1,83,0,2,1993.0,0.2958904109589041,0,1.0,0.0,Single
1,1,33,0,2,1994.0,0.3205479452054794,0,1.0,0.0,Single
1,1,22,0,2,1986.0,0.0821917808219178,0,1.0,0.0,Single
1,1,124,0,1,1991.0,0.589041095890411,0,1.0,0.0,Married
1,1,6,0,2,1982.0,0.9972602739726028,1,1.0,0.0,Married
1,1,31,0,1,1969.0,0.5534246575342465,0,1.0,0.0,Married
1,1,43,0,1,1991.0,0.5643835616438356,0,1.0,0.0,Married
1,1,124,0,1,2000.0,0.5726027397260274,0,1.0,0.0,Single
1,1,31,0,1,1997.0,0.421917808219178,0,1.0,0.0,Single
1,1,33,0,2,1950.0,0.5315068493150685,1,1.0,0.0,Married
1,1,24,1,1,1987.0,1.3342465753424655,0,1.0,0.0,Married
1,1,31,0,1,1999.0,0.1643835616438356,0,1.0,0.0,Single
1,1,124,0,1,1958.0,0.5643835616438356,0,1.0,0.0,Married
1,1,124,0,1,1973.0,0.5726027397260274,0,1.0,0.0,Married
1,5,89,0,2,1994.0,0.0027397260273972,0,1.0,0.0,Single
1,1,22,1,2,1993.0,1.3013698630136987,1,1.0,0.0,Single
1,1,173,0,2,1995.0,0.3205479452054794,0,1.0,0.0,Single
1,1,31,0,1,1977.0,0.6493150684931507,0,1.0,0.0,Single
1,1,31,0,1,1974.0,0.2958904109589041,0,1.0,0.0,Married
1,1,41,1,1,1968.0,1.3342465753424655,0,1.0,0.0,Married
1,1,41,0,1,1979.0,0.5671232876712329,0,1.0,0.0,Single
1,3,31,1,1,1996.0,1.295890410958904,0,1.0,0.0,Single
1,1,1,0,1,1981.7142857142856,0.5397260273972603,0,1.0,0.0,Single
1,4,1,0,1,1979.2857142857144,0.5561643835616439,0,1.0,0.0,Single
1,3,31,0,1,1978.7142857142856,0.5315068493150685,0,1.0,0.0,Single
1,1,31,0,1,1978.7142857142856,0.5424657534246575,0,1.0,0.0,Single
1,1,30,1,1,1970.0,1.3150684931506849,0,1.0,0.0,Married
1,1,43,0,1,1994.0,0.2931506849315068,0,1.0,0.0,Married
1,1,31,0,1,1995.0,0.6712328767123288,0,1.0,0.0,Single
1,1,7,0,2,2000.0,1.2712328767123289,0,1.0,0.0,Single
1,1,158,0,2,1995.0,0.3835616438356164,0,1.0,0.0,Single
0,1,17,0,2,1989.0,0.3780821917808219,0,1.0,0.0,Married
1,1,158,0,2,1996.0,0.2767123287671232,0,1.0,0.0,Single
1,1,195,1,1,1999.0,1.263013698630137,0,1.0,0.0,Single
1,1,129,1,1,1966.0,1.3013698630136987,0,1.0,0.0,Married
1,1,31,0,1,1981.0,0.2383561643835616,0,1.0,0.0,Married
1,1,31,0,1,1970.0,0.0657534246575342,0,1.0,0.0,Married
1,1,31,0,1,2001.0,0.4520547945205479,0,1.0,0.0,Single
1,1,17,0,2,1998.0,0.084931506849315,0,1.0,0.0,Single
1,1,31,0,1,1961.0,0.4794520547945205,0,1.0,0.0,Married
1,1,31,0,1,1968.0,0.4931506849315068,0,1.0,0.0,Married
1,1,24,0,2,1969.0,0.6273972602739726,0,1.0,0.0,Married
1,1,22,1,2,1996.0,1.2246575342465753,1,1.0,0.0,Single
1,1,22,1,2,1996.0,1.2246575342465753,1,1.0,0.0,Single
0,1,178,1,2,1996.0,1.2219178082191782,0,1.0,0.0,Single
0,1,178,0,2,1997.0,0.0767123287671232,0,1.0,0.0,Single
1,1,31,0,1,1976.0,0.4684931506849315,0,1.0,0.0,Married
1,1,31,0,1,1993.0,0.0493150684931506,0,1.0,0.0,Single
1,1,31,0,1,1961.0,0.0520547945205479,0,1.0,0.0,Married
0,3,45,1,3,1963.0,1.4164383561643836,0,1.0,0.0,Single
1,1,124,0,1,1982.0,0.4410958904109589,0,1.0,0.0,Married
1,1,152,0,3,1987.0,0.4602739726027397,0,1.0,0.0,Married
1,1,55,0,1,1974.0,0.3561643835616438,0,1.0,0.0,Married
1,1,33,0,2,1981.0,0.0356164383561643,0,1.0,0.0,Married
1,1,31,0,1,1974.0,0.5342465753424658,0,1.0,0.0,Married
1,1,31,0,1,1998.0,0.4438356164383562,0,1.0,0.0,Single
1,1,24,0,2,1964.0,0.8684931506849315,0,1.0,0.0,Married
1,1,180,0,2,1983.0,0.0547945205479452,0,1.0,0.0,Single
1,1,33,1,2,1995.0,1.1863013698630136,0,1.0,0.0,Single
1,1,139,0,1,1958.0,0.5616438356164384,0,1.0,0.0,Married
1,1,31,0,1,1998.0,0.4904109589041096,0,1.0,0.0,Married
1,1,31,0,1,1972.0,0.0164383561643835,0,1.0,0.0,Married
1,1,29,0,1,1979.2857142857144,0.7287671232876712,0,1.0,0.0,Married
1,1,55,0,1,1983.0,0.3643835616438356,0,1.0,0.0,Single
1,1,31,0,1,2003.0,0.073972602739726,0,1.0,0.0,Single
1,1,31,0,1,2002.0,0.410958904109589,0,1.0,0.0,Single
1,1,4,0,1,1981.0,0.010958904109589,0,1.0,0.0,Married
1,1,31,0,1,1986.0,0.4986301369863014,0,1.0,0.0,Married
1,1,31,0,1,1968.4285714285716,0.4328767123287671,0,1.0,0.0,Married
1,1,55,0,1,1997.0,0.4986301369863014,0,1.0,0.0,Married
1,1,31,0,1,1975.0,0.4328767123287671,0,1.0,0.0,Married
1,1,55,0,1,1974.0,0.4493150684931506,0,1.0,0.0,Married
1,4,31,0,1,1964.0,0.4465753424657534,0,1.0,0.0,Married
1,1,31,1,1,1951.0,1.210958904109589,0,1.0,0.0,Married
1,1,31,1,1,1996.0,1.180821917808219,0,1.0,0.0,Single
1,1,134,0,1,1953.0,0.2821917808219178,0,1.0,0.0,Married
1,1,30,0,1,1959.0,0.5178082191780822,0,1.0,0.0,Married
0,1,70,0,2,2001.0,0.410958904109589,0,1.0,0.0,Single
1,1,181,0,2,1996.0,0.3589041095890411,0,1.0,0.0,Married
1,3,31,1,1,1982.0,1.1835616438356165,0,1.0,0.0,Married
1,1,31,0,1,1990.4285714285716,0.2273972602739726,0,1.0,0.0,Married
1,1,31,0,1,1990.0,0.3835616438356164,0,1.0,0.0,Married
1,1,31,0,1,1969.0,0.3972602739726027,0,1.0,0.0,Married
1,1,31,0,1,1960.0,0.3890410958904109,0,1.0,0.0,Married
1,1,31,0,1,1952.0,0.4246575342465753,0,1.0,0.0,Married
1,1,31,0,1,1981.0,0.1561643835616438,0,1.0,0.0,Married
1,1,31,0,1,1991.0,0.4273972602739726,0,1.0,0.0,Married
1,1,139,0,1,1997.0,0.4410958904109589,0,1.0,0.0,Single
1,1,24,0,2,1992.0,0.0191780821917808,0,1.0,0.0,Married
1,1,1,0,1,1990.0,0.2328767123287671,0,1.0,0.0,Married
1,1,31,0,1,1992.0,0.3917808219178082,0,1.0,0.0,Married
1,1,53,0,1,2000.0,0.2657534246575342,0,1.0,0.0,Married
1,1,31,0,1,1996.0,0.2,0,1.0,0.0,Married
0,1,48,1,2,1993.0,1.1287671232876713,0,1.0,0.0,Single
1,1,31,0,1,1973.0,0.3506849315068493,0,1.0,0.0,Married
1,1,31,0,1,1994.0,0.1068493150684931,0,1.0,0.0,Single
1,1,83,0,2,1995.0,1.0794520547945206,0,1.0,0.0,Single
1,1,58,0,2,1962.0,0.547945205479452,0,1.0,0.0,Married
1,1,31,0,1,1987.0,0.3452054794520548,0,1.0,0.0,Married
0,1,31,1,1,1972.0,1.1424657534246576,0,1.0,0.0,Married
1,1,31,0,1,1982.0,0.0958904109589041,0,1.0,0.0,Married
1,1,31,0,1,1973.0,0.3452054794520548,0,1.0,0.0,Married
1,1,31,0,1,1998.0,0.2136986301369863,0,1.0,0.0,Married
1,1,8,1,2,1993.0,1.0904109589041096,0,1.0,0.0,Single
1,1,31,0,1,1972.857142857143,0.4164383561643835,0,1.0,0.0,Married
1,1,124,0,1,1976.0,0.3342465753424657,0,1.0,0.0,Married
1,1,31,0,1,1995.0,0.3123287671232876,0,1.0,0.0,Married
0,1,17,0,2,1993.0,0.3534246575342465,0,1.0,0.0,Single
1,1,30,0,1,1996.0,0.2383561643835616,0,1.0,0.0,Married
1,1,31,0,1,1998.0,0.0684931506849315,0,1.0,0.0,Single
1,1,30,0,1,1985.0,0.2191780821917808,0,1.0,0.0,Married
1,1,30,0,1,2001.0,0.2191780821917808,0,1.0,0.0,Single
1,1,30,0,1,2001.0,0.2136986301369863,0,1.0,0.0,Single
1,1,182,1,1,1991.0,1.0575342465753426,0,1.0,0.0,Married
0,3,184,0,1,1988.571428571429,0.2630136986301369,0,1.0,0.0,Single
1,1,169,0,1,1985.0,0.9287671232876712,0,1.0,0.0,Single
1,1,31,0,1,1995.142857142857,0.2931506849315068,0,1.0,0.0,Single
1,1,22,1,2,1970.0,1.0465753424657531,1,1.0,0.0,Single
1,1,22,0,1,1989.0,0.1589041095890411,0,1.0,0.0,Single
1,1,31,0,1,2006.0,0.4136986301369863,0,1.0,0.0,Single
1,1,31,0,1,1971.0,0.3260273972602739,0,1.0,0.0,Married
1,1,43,0,1,2000.0,0.4575342465753425,0,1.0,0.0,Married
1,1,31,0,1,1982.0,0.2493150684931507,0,1.0,0.0,Married
1,1,7,1,2,1964.0,1.0328767123287672,0,1.0,0.0,Married
1,1,1,0,1,1993.0,0.3041095890410959,0,1.0,0.0,Married
1,1,30,0,1,1991.0,0.9506849315068492,0,1.0,0.0,Single
1,3,30,0,1,2000.0,0.0383561643835616,0,1.0,0.0,Single
1,1,181,0,2,1999.0,0.2246575342465753,0,1.0,0.0,Single
1,1,27,1,2,1998.0,1.0246575342465754,1,1.0,0.0,Single
1,1,55,0,1,1966.0,0.1808219178082191,0,1.0,0.0,Married
1,1,31,1,1,1989.0,1.0246575342465754,0,1.0,0.0,Single
1,1,31,0,1,1970.0,0.1972602739726027,0,1.0,0.0,Single
1,1,55,0,1,1996.0,0.2493150684931507,0,1.0,0.0,Single
1,5,31,1,1,1996.0,1.0136986301369864,0,1.0,0.0,Single
1,1,31,1,1,1980.857142857143,1.0136986301369864,0,1.0,0.0,Married
1,1,124,0,1,1965.0,0.2356164383561644,0,1.0,0.0,Married
1,1,186,1,2,1979.0,1.0684931506849316,0,1.0,0.0,Married
1,1,31,0,1,1969.0,0.2328767123287671,0,1.0,0.0,Married
1,1,95,1,1,1974.0,1.0328767123287672,0,1.0,0.0,Married
1,1,55,1,1,1996.0,0.9945205479452056,0,1.0,0.0,Single
1,1,33,1,2,1993.0,0.9945205479452056,0,1.0,0.0,Single
1,1,187,1,2,1983.0,1.0,0,1.0,0.0,Married
1,1,22,1,2,1996.0,1.0,0,1.0,0.0,Single
1,1,31,1,1,1995.0,0.9863013698630136,0,1.0,0.0,Single
1,1,122,1,1,1970.0,1.0,0,1.0,0.0,Married
0,1,125,0,1,1998.0,0.3205479452054794,0,1.0,0.0,Single
1,1,31,0,1,1976.0,0.4438356164383562,0,1.0,0.0,Married
1,1,55,1,1,1961.0,0.9863013698630136,0,1.0,0.0,Single
1,1,31,1,1,1991.0,0.9753424657534246,0,1.0,0.0,Married
1,1,70,0,2,1999.0,0.536986301369863,0,1.0,0.0,Single
1,1,31,1,1,1988.0,0.9671232876712328,0,1.0,0.0,Married
1,1,31,1,1,2001.0,0.9726027397260274,0,1.0,0.0,Single
1,1,31,0,1,2001.0,0.1041095890410958,0,1.0,0.0,Single
1,1,139,1,1,1999.0,0.9945205479452056,0,1.0,0.0,Single
1,1,189,1,1,1990.0,1.0,0,1.0,0.0,Married
1,1,189,1,1,1989.0,1.0,0,1.0,0.0,Single
1,1,56,0,1,2002.0,0.0684931506849315,0,1.0,0.0,Single
1,1,31,0,1,1971.0,0.2164383561643835,0,1.0,0.0,Single
1,1,31,0,1,1963.0,0.0958904109589041,0,1.0,0.0,Married
1,1,22,1,2,1986.0,1.0,1,1.0,0.0,Single
1,1,80,0,1,1996.0,0.1780821917808219,0,1.0,0.0,Single
1,1,31,1,1,1962.0,0.9452054794520548,0,1.0,0.0,Married
1,1,31,1,1,2001.0,0.9726027397260274,0,1.0,0.0,Single
1,1,31,1,1,1994.0,0.9342465753424658,0,1.0,0.0,Single
1,1,31,0,1,1973.0,0.2027397260273972,0,1.0,0.0,Married
1,1,31,0,1,1981.0,0.0876712328767123,0,1.0,0.0,Married
1,1,31,1,1,1958.0,0.936986301369863,0,1.0,0.0,Married
1,1,31,0,1,1975.0,0.2,0,1.0,0.0,Married
1,1,31,0,1,1990.0,0.1397260273972602,0,1.0,0.0,Married
1,1,31,1,1,1985.0,0.9287671232876712,0,1.0,0.0,Married
1,1,122,1,1,1955.0,0.9643835616438357,0,1.0,0.0,Single
1,1,31,0,1,1994.0,0.2082191780821917,0,1.0,0.0,Married
1,1,26,0,1,1990.0,0.1890410958904109,0,1.0,0.0,Married
1,1,55,0,1,1999.0,0.2027397260273972,0,1.0,0.0,Single
1,1,31,0,1,1970.0,0.1726027397260274,0,1.0,0.0,Married
0,1,195,1,1,1998.0,1.0,0,1.0,0.0,Married
0,1,195,1,1,1996.0,0.9917808219178084,0,1.0,0.0,Single
1,1,31,0,1,2001.0,0.2712328767123287,0,1.0,0.0,Single
1,1,31,0,1,1964.0,0.1643835616438356,0,1.0,0.0,Married
1,1,31,0,1,1998.142857142857,0.0054794520547945,0,1.0,0.0,Single
1,1,31,0,1,1991.0,0.3506849315068493,0,1.0,0.0,Married
1,3,124,0,1,2001.0,0.0246575342465753,0,1.0,0.0,Single
1,3,31,1,1,1994.0,0.9123287671232876,0,1.0,0.0,Single
1,1,124,0,1,1997.0,0.0,0,1.0,0.0,Single
1,1,31,0,1,1973.0,0.1424657534246575,0,1.0,0.0,Married
1,1,123,0,1,1973.0,0.1835616438356164,0,1.0,0.0,Married
1,1,31,0,1,1981.0,0.0465753424657534,0,1.0,0.0,Married
1,1,31,0,1,1977.0,0.1616438356164383,0,1.0,0.0,Married
1,1,31,0,1,2002.0,0.2191780821917808,0,1.0,0.0,Married
1,1,4,0,1,1973.0,0.1424657534246575,0,1.0,0.0,Married
1,1,190,1,3,1980.0,0.8986301369863013,0,1.0,0.0,Married
1,1,158,1,2,1996.0,0.8958904109589041,0,1.0,0.0,Single
1,1,33,1,2,1968.0,0.8958904109589041,0,1.0,0.0,Married
1,1,31,0,1,2000.0,0.1342465753424657,0,1.0,0.0,Single
1,1,55,0,1,1995.0,0.0191780821917808,0,1.0,0.0,Single
1,1,43,0,1,1995.0,0.2301369863013698,0,1.0,0.0,Single
1,1,31,1,1,1986.0,0.8958904109589041,0,1.0,0.0,Married
1,1,31,0,1,2001.0,0.1452054794520547,0,1.0,0.0,Single
1,1,31,0,1,1960.0,0.1424657534246575,0,1.0,0.0,Married
1,1,31,0,1,1968.0,0.1232876712328767,0,1.0,0.0,Married
1,1,31,0,1,1980.0,0.147945205479452,0,1.0,0.0,Single
1,1,31,0,1,1972.0,0.0794520547945205,0,1.0,0.0,Single
1,1,31,0,1,1997.0,0.136986301369863,0,1.0,0.0,Single
1,1,31,0,1,1976.0,0.136986301369863,0,1.0,0.0,Single
1,1,31,1,1,1970.0,0.8794520547945206,0,1.0,0.0,Single
1,1,31,0,1,1975.142857142857,0.1726027397260274,0,1.0,0.0,Married
1,1,31,0,1,1993.0,0.3342465753424657,0,1.0,0.0,Married
1,1,31,0,1,1951.0,0.0520547945205479,0,1.0,0.0,Married
1,1,31,0,1,1979.0,0.0876712328767123,0,1.0,0.0,Married
1,1,29,0,1,1963.0,0.3726027397260274,0,1.0,0.0,Married
1,1,163,1,3,1970.0,0.8767123287671232,0,1.0,0.0,Married
1,1,33,0,2,1994.0,0.2575342465753424,0,1.0,0.0,Single
1,1,31,0,1,1980.0,0.0904109589041095,0,1.0,0.0,Married
1,1,31,0,1,1989.0,0.0054794520547945,0,1.0,0.0,Married
1,1,31,1,1,1999.0,0.8383561643835616,0,1.0,0.0,Single
1,1,31,0,1,1968.0,0.1013698630136986,0,1.0,0.0,Married
1,1,31,0,1,1956.0,0.1452054794520547,0,1.0,0.0,Married
1,1,31,0,1,1966.0,0.1452054794520547,0,1.0,0.0,Married
1,1,31,0,1,1995.0,0.2082191780821917,0,1.0,0.0,Single
1,1,31,0,1,2002.0,0.1534246575342465,0,1.0,0.0,Single
1,1,31,1,1,2002.0,0.8301369863013699,0,1.0,0.0,Single
1,1,31,0,1,2003.0,0.0054794520547945,0,1.0,0.0,Single
1,1,31,0,1,1994.0,0.0,0,1.0,0.0,Married
1,1,31,1,1,1994.0,0.8191780821917808,0,1.0,0.0,Single
1,1,56,1,1,1996.0,0.8328767123287671,0,1.0,0.0,Single
1,1,31,0,1,1988.0,0.0465753424657534,0,1.0,0.0,Single
1,1,53,0,1,1999.0,0.0821917808219178,0,1.0,0.0,Single
1,1,69,1,2,2001.0,0.8383561643835616,1,1.0,0.0,Single
1,1,31,0,1,1980.0,0.0356164383561643,0,1.0,0.0,Married
1,5,31,0,1,1982.0,0.0630136986301369,0,1.0,0.0,Married
1,1,55,0,1,1972.0,0.2712328767123287,0,1.0,0.0,Married
1,1,31,0,1,1990.0,0.0602739726027397,0,1.0,0.0,Married
1,1,31,1,1,1972.0,0.8027397260273973,0,1.0,0.0,Married
0,1,8,0,2,1983.0,0.2904109589041095,0,1.0,0.0,Single
1,1,31,1,1,1998.0,0.8082191780821918,0,1.0,0.0,Married
1,1,31,1,1,1986.0,0.810958904109589,0,1.0,0.0,Single
1,1,191,0,2,1994.0,0.3643835616438356,0,1.0,0.0,Single
1,1,31,1,1,1999.0,0.8383561643835616,0,1.0,0.0,Single
1,1,31,1,1,1996.0,0.8328767123287671,0,1.0,0.0,Married
0,1,30,0,1,1998.0,0.147945205479452,0,1.0,0.0,Single
1,1,22,1,2,1991.0,0.8136986301369863,1,1.0,0.0,Single
1,1,31,0,1,1995.0,0.0273972602739726,0,1.0,0.0,Married
1,1,192,1,2,1995.0,0.7835616438356164,0,1.0,0.0,Married
1,1,7,1,2,2000.0,0.7835616438356164,0,1.0,0.0,Single
1,1,33,1,2,1995.0,0.7835616438356164,0,1.0,0.0,Single
1,5,6,0,2,1964.0,0.0356164383561643,0,1.0,0.0,Married
1,1,4,1,1,1975.0,0.7890410958904109,0,1.0,0.0,Married
1,1,4,1,1,1990.0,0.7890410958904109,0,1.0,0.0,Married
1,1,4,1,1,1974.0,0.7890410958904109,0,1.0,0.0,Married
1,1,4,1,1,1987.0,0.7890410958904109,0,1.0,0.0,Married
1,1,4,1,1,1995.0,0.7890410958904109,0,1.0,0.0,Married
1,1,4,1,1,1987.0,0.7890410958904109,0,1.0,0.0,Married
1,1,4,1,1,1972.0,0.7890410958904109,0,1.0,0.0,Married
1,1,31,1,1,1998.0,0.8027397260273973,0,1.0,0.0,Single
1,1,31,0,1,2002.0,0.4493150684931506,0,1.0,0.0,Single
1,5,22,0,2,1997.0,0.4027397260273972,0,1.0,0.0,Married
1,1,8,0,2,1997.0,0.0410958904109589,0,1.0,0.0,Single
1,3,8,1,2,1997.0,0.7068493150684931,0,1.0,0.0,Single
1,1,22,1,2,1994.0,0.7041095890410959,0,1.0,0.0,Single
1,1,4,1,1,1987.0,0.6931506849315069,0,0.0,1.0,Married
1,1,124,1,1,1968.0,0.6876712328767123,0,1.0,0.0,Married
1,1,56,0,1,1986.0,0.021917808219178,0,1.0,0.0,Married
1,1,90,0,2,1987.0,0.3315068493150685,0,1.0,0.0,Married
1,1,31,1,1,1965.0,0.684931506849315,0,1.0,0.0,Married
1,1,31,1,1,1980.0,0.6821917808219178,0,1.0,0.0,Married
1,1,78,0,2,1989.0,0.3808219178082191,0,1.0,0.0,Married
1,1,1,1,1,1991.0,0.6712328767123288,0,1.0,0.0,Married
1,1,31,1,1,1980.0,0.663013698630137,0,1.0,0.0,Married
1,1,31,1,1,1998.0,0.6054794520547945,0,1.0,0.0,Single
1,1,31,1,1,1998.0,0.6054794520547945,0,1.0,0.0,Single
1,1,31,1,1,1998.0,0.6054794520547945,0,1.0,0.0,Single
1,1,31,1,1,1998.0,0.6054794520547945,0,1.0,0.0,Single
1,1,24,1,1,1978.7142857142856,0.5342465753424658,0,1.0,0.0,Married
1,1,104,0,3,1965.0,0.3095890410958904,0,1.0,0.0,Married
1,1,54,1,1,1986.0,0.4520547945205479,1,1.0,0.0,Married
0,1,143,1,2,1996.0,0.3506849315068493,0,1.0,0.0,Single
1,1,31,1,1,1980.0,0.3424657534246575,0,1.0,0.0,Married
0,1,33,1,2,1989.0,0.3342465753424657,0,1.0,0.0,Married
1,1,38,1,2,1965.0,0.3342465753424657,0,1.0,0.0,Married
1,1,8,1,2,1988.0,0.2657534246575342,0,1.0,0.0,Single
1,1,78,1,2,1984.0,0.2630136986301369,0,1.0,0.0,Married
1,1,198,1,2,1981.0,0.2383561643835616,0,1.0,0.0,Married
1,1,111,1,2,1996.0,0.1863013698630137,0,1.0,0.0,Single
0,1,17,0,2,1993.0,0.1397260273972602,0,1.0,0.0,Single
1,1,8,1,2,1994.0,0.1123287671232876,0,1.0,0.0,Single
1,1,201,1,2,1997.0,0.073972602739726,0,1.0,0.0,Single
1,1,8,1,2,1990.0,0.0657534246575342,0,1.0,0.0,Single
1,1,104,1,3,1979.0,0.0328767123287671,0,1.0,0.0,Married
