Gender,Religion_ID,Designation_ID,Status,Employment_Category,Year_of_Birth,ages_in_the_company,reported,Employment_Type_Contarct Basis,Employment_Type_Permanant,Employee_No,Net Salary,Marital_Status
1,1,24,1,2,1965.0,29.084931506849315,0,0.0,1.0,347,290857.395,1
1,1,24,1,2,1973.0,27.82191780821918,0,0.0,1.0,348,502334.5,1
1,1,23,0,2,1974.0,33.44109589041096,0,0.0,1.0,349,396595.9475,1
0,4,40,0,2,1974.0,22.350684931506848,0,0.0,1.0,351,136735.93,1
1,1,7,1,2,1980.0,21.945205479452056,0,0.0,1.0,352,282376.955,1
1,1,22,0,2,1962.0,19.27123287671233,0,0.0,1.0,353,680036.3675,1
1,1,22,1,2,1969.0,19.156164383561645,1,0.0,1.0,354,566526.29,1
1,1,126,1,2,1981.0,18.887671232876716,0,0.0,1.0,355,1406854.82,1
0,1,23,1,2,1974.0,17.5972602739726,0,0.0,1.0,356,474958.73,0
1,1,41,0,2,1967.0,15.597260273972603,0,0.0,1.0,359,94408.825,1
1,1,42,0,3,1976.0,14.693150684931506,0,0.0,1.0,360,115572.3775,1
1,3,7,1,2,1986.0,16.17808219178082,0,0.0,1.0,361,486956.82,0
1,1,24,0,2,1975.0,14.005479452054796,0,0.0,1.0,363,377345.845,1
1,1,43,0,2,1984.0,15.147945205479452,0,0.0,1.0,365,441855.86,1
1,1,44,0,2,1973.0,14.136986301369864,0,0.0,1.0,366,115572.3775,1
0,1,45,0,3,1963.0,10.75068493150685,0,1.0,0.0,371,188242.585,0
1,1,46,0,2,1981.0,12.416438356164385,0,1.0,0.0,372,441855.86,1
1,1,35,1,2,1990.0,12.191780821917808,0,1.0,0.0,373,447133.63,1
1,1,7,1,2,1961.0,11.783561643835617,0,1.0,0.0,376,473553.4250000001,1
1,5,48,1,2,1982.0,11.169863013698633,1,1.0,0.0,377,426165.95,0
1,1,33,0,2,1965.0,11.12054794520548,0,1.0,0.0,378,228556.4725,1
1,1,27,0,2,1991.0,10.942465753424658,0,1.0,0.0,379,416679.4325,0
1,1,24,1,2,1978.0,10.931506849315069,0,1.0,0.0,380,279732.96,1
1,5,22,1,2,1982.0,10.8,1,1.0,0.0,381,508292.265,1
1,1,24,1,2,1994.0,10.62191780821918,0,1.0,0.0,383,381469.31,1
1,1,8,1,2,1989.0,10.58082191780822,0,1.0,0.0,384,555032.765,1
1,1,49,1,2,1986.0,10.495890410958904,0,1.0,0.0,385,457545.77,1
1,1,22,0,2,1989.0,10.126027397260271,0,1.0,0.0,388,201121.3575,1
1,1,24,1,2,1994.0,10.054794520547944,0,1.0,0.0,389,226454.16,1
1,1,37,0,2,1960.0,9.942465753424658,0,1.0,0.0,391,145538.1725,1
1,5,22,1,2,1989.0,9.90958904109589,1,1.0,0.0,392,342752.595,1
1,5,6,1,2,1965.0,9.75890410958904,1,1.0,0.0,393,1203337.925,1
1,1,46,0,2,1993.0,8.479452054794521,0,1.0,0.0,394,154314.96,1
1,1,67,1,2,1993.0,9.36986301369863,0,1.0,0.0,396,249231.59000000003,0
1,3,27,0,2,1989.0,7.594520547945206,0,1.0,0.0,399,97329.05,1
1,3,27,1,2,1988.0,8.942465753424658,0,1.0,0.0,400,451889.55500000005,0
1,1,7,1,2,1972.0,8.854794520547944,0,1.0,0.0,401,365732.945,1
1,1,24,0,2,1995.0,8.863013698630137,0,1.0,0.0,402,269663.84500000003,0
1,1,43,0,2,1992.0,8.67123287671233,0,1.0,0.0,403,123909.035,1
1,1,36,1,2,1987.0,8.583561643835617,1,1.0,0.0,404,717194.065,0
1,1,27,0,2,1986.7142857142856,8.56986301369863,0,1.0,0.0,405,274609.3025,0
1,3,8,0,2,1990.0,8.295890410958904,0,1.0,0.0,407,550581.2424999999,0
1,1,8,1,2,1990.0,8.257534246575343,0,1.0,0.0,408,546129.72,0
1,1,52,0,2,1995.0,6.317808219178082,0,1.0,0.0,410,136350.575,0
1,1,24,1,2,1992.7142857142856,7.684931506849315,0,1.0,0.0,411,347961.78,1
1,1,35,0,2,1997.0,7.676712328767123,0,1.0,0.0,413,55960.48,0
1,3,54,0,2,1985.0,6.586301369863014,0,1.0,0.0,414,355938.46,0
1,4,36,0,2,1982.0,6.153424657534247,0,1.0,0.0,415,93760.75,0
1,3,27,0,2,1986.0,5.8191780821917805,0,1.0,0.0,416,274609.3025,1
1,1,22,0,2,1988.0,5.772602739726027,0,1.0,0.0,419,539955.7125,1
1,1,24,1,2,1995.0,7.33972602739726,0,1.0,0.0,420,312873.53,1
1,1,24,0,2,1997.0,6.665753424657535,0,1.0,0.0,421,244898.87,0
0,1,8,0,2,1981.0,5.235616438356164,0,1.0,0.0,422,530925.08,1
1,1,57,1,2,1987.0,6.6438356164383565,0,1.0,0.0,423,365750.1,0
1,1,24,0,2,1988.0,6.605479452054794,0,1.0,0.0,424,59490.12,0
1,1,38,0,2,1965.0,6.046575342465753,0,1.0,0.0,425,282076.345,1
1,1,58,0,2,1962.0,1.3150684931506849,0,1.0,0.0,426,118072.58,1
0,1,48,1,2,1980.0,6.298630136986302,0,1.0,0.0,427,647481.0700000001,1
1,1,62,1,1,1947.0,4.002739726027397,0,1.0,0.0,431,279107.4,1
1,1,63,0,2,1993.0,5.906849315068493,0,1.0,0.0,433,248634.665,1
1,1,64,0,2,1972.0,4.589041095890411,0,1.0,0.0,434,509386.17,1
1,1,22,1,2,1988.0,6.049315068493151,1,1.0,0.0,435,539440.925,0
1,3,27,1,2,1981.0,6.049315068493151,0,1.0,0.0,436,511540.155,1
1,1,8,0,2,1991.0,5.010958904109589,0,1.0,0.0,437,411781.78,1
1,1,59,1,2,1991.0,5.961643835616439,0,1.0,0.0,438,519046.6,0
1,1,113,1,2,1981.0,5.978082191780822,0,1.0,0.0,440,485589.76,0
0,1,59,0,2,1989.0,4.556164383561644,0,1.0,0.0,443,442398.35,0
1,1,6,0,2,1966.0,5.876712328767123,0,1.0,0.0,444,625860.5775,1
1,1,31,0,1,1955.0,2.4136986301369863,0,1.0,0.0,446,76481.9,1
1,1,31,0,1,1966.0,1.9424657534246572,0,1.0,0.0,448,45465.4,1
1,1,31,0,1,1976.0,0.347945205479452,0,1.0,0.0,450,37412.9,1
1,1,22,0,3,1985.0,5.841095890410959,0,1.0,0.0,451,528722.735,0
1,1,7,1,2,1961.0,5.780821917808219,0,1.0,0.0,453,492734.17,1
1,3,49,0,2,1992.142857142857,4.904109589041096,1,1.0,0.0,455,180549.6,0
1,1,30,0,1,1973.7142857142856,4.002739726027397,0,1.0,0.0,456,55306.5,1
1,1,31,0,1,1967.0,2.5863013698630137,0,1.0,0.0,457,81950.4,1
1,1,30,0,1,1955.0,2.838356164383561,0,1.0,0.0,460,54120.05,1
1,1,1,0,1,1977.142857142857,4.002739726027397,0,1.0,0.0,461,45799.05,1
1,1,31,0,1,1976.0,3.4136986301369863,0,1.0,0.0,466,143967.2,1
1,3,31,1,1,1975.857142857143,4.002739726027397,0,1.0,0.0,468,284647.6,1
1,1,1,0,1,1992.0,0.9123287671232876,0,1.0,0.0,471,196040.275,0
1,1,31,0,1,1959.0,1.9095890410958904,0,1.0,0.0,475,26356.4,1
1,5,22,0,2,1985.0,4.654794520547945,0,1.0,0.0,476,237861.88,1
0,1,70,0,2,1992.0,5.635616438356164,0,1.0,0.0,478,301176.47,1
1,3,69,0,2,1989.0,5.493150684931507,0,1.0,0.0,480,301176.47,0
0,1,59,1,2,1984.0,5.578082191780822,0,1.0,0.0,481,346126.82,0
1,1,22,0,2,1986.0,3.9287671232876713,1,1.0,0.0,482,454493.7475,1
1,1,1,0,1,1983.0,1.252054794520548,0,1.0,0.0,486,132631.6,1
1,1,124,1,1,1992.0,4.002739726027397,0,1.0,0.0,487,542322.7,1
1,3,31,0,1,1995.0,4.002739726027397,0,1.0,0.0,490,108285.6,0
1,1,29,1,1,1957.0,4.002739726027397,0,1.0,0.0,495,288059.8,1
1,1,22,1,2,1988.0,5.506849315068493,1,1.0,0.0,496,540470.5,1
1,1,31,0,1,1958.0,0.8986301369863013,0,1.0,0.0,501,106750.8,1
1,3,31,0,1,1991.0,2.1671232876712327,0,1.0,0.0,504,44954.6,1
1,1,37,0,2,1959.0,3.841095890410959,0,1.0,0.0,505,27221.35,1
1,1,24,0,2,1986.7142857142856,5.315068493150685,0,1.0,0.0,508,288747.3325,0
0,3,8,0,2,1993.0,5.298630136986302,0,1.0,0.0,509,461780.2400000001,1
1,3,8,0,2,1991.0,4.408219178082192,0,1.0,0.0,510,258739.765,0
1,1,24,0,2,1994.0,5.252054794520548,0,1.0,0.0,512,330417.655,0
0,1,65,0,2,1994.0,3.2164383561643834,0,1.0,0.0,514,352324.315,0
1,1,8,0,2,1992.0,5.03013698630137,0,1.0,0.0,515,538301.2475,0
1,1,72,1,2,1990.0,4.964383561643835,0,1.0,0.0,516,353121.35,0
0,1,8,1,2,1993.0,4.964383561643835,0,1.0,0.0,517,664820.7150000001,0
1,1,1,0,1,1977.142857142857,4.002739726027397,0,1.0,0.0,520,32872.465000000004,1
1,1,1,0,1,1980.142857142857,1.915068493150685,0,1.0,0.0,521,46471.35,1
0,1,31,1,1,1970.0,4.002739726027397,0,1.0,0.0,523,18440.0,1
1,1,1,0,1,1994.0,3.9808219178082194,0,1.0,0.0,532,13095.6,1
1,3,31,0,1,1997.0,3.032876712328767,0,1.0,0.0,534,28319.4,0
1,5,69,0,2,1997.0,4.876712328767123,0,1.0,0.0,536,273840.28750000003,0
1,1,107,1,2,1991.0,4.86027397260274,1,1.0,0.0,537,647656.925,0
1,5,27,0,2,1994.0,4.7095890410958905,0,1.0,0.0,538,199939.65,0
1,1,43,0,2,1993.0,4.704109589041096,0,1.0,0.0,539,98368.64,0
0,1,88,0,2,1995.0,3.252054794520548,0,1.0,0.0,540,437693.3175,0
0,1,111,0,2,1994.0,3.197260273972603,0,1.0,0.0,541,69883.33499999999,0
1,1,89,1,2,1990.0,3.6986301369863015,0,1.0,0.0,545,915807.45,0
1,1,97,0,3,1978.0,3.5753424657534247,0,1.0,0.0,546,209833.1275,1
1,1,101,0,2,2001.0,0.4849315068493151,0,1.0,0.0,549,54032.6,0
1,1,24,0,2,1973.0,3.334246575342466,0,1.0,0.0,550,574004.845,1
0,1,175,1,2,1984.0,3.219178082191781,0,1.0,0.0,551,376809.135,0
1,1,17,0,2,1996.0,3.1890410958904107,0,1.0,0.0,553,35477.77,0
1,1,78,0,2,1992.0,4.457534246575342,0,1.0,0.0,554,182660.83,0
1,1,193,0,3,1993.142857142857,3.717808219178082,0,1.0,0.0,556,360903.73,1
1,1,127,1,3,1972.0,4.16986301369863,0,1.0,0.0,557,195698.75,1
1,1,110,1,3,1981.7142857142856,4.16986301369863,0,1.0,0.0,558,472584.1925,1
1,1,79,0,2,1995.0,4.041095890410959,0,1.0,0.0,560,321411.2675,0
0,1,84,0,2,1992.0,3.947945205479452,0,1.0,0.0,561,517222.9125,1
1,1,88,0,2,1998.0,1.7397260273972603,0,1.0,0.0,562,443650.365,0
1,1,88,0,2,1997.0,3.813698630136986,0,1.0,0.0,563,437693.3175,0
1,1,113,0,2,1995.0,2.347945205479452,0,1.0,0.0,565,76350.0,0
1,1,45,0,3,1966.0,2.3013698630136985,1,1.0,0.0,569,77526.67499999999,1
1,4,98,0,2,1985.0,3.558904109589041,0,1.0,0.0,570,157519.465,0
0,1,84,0,2,1990.0,1.5698630136986302,0,1.0,0.0,572,517222.9125,1
1,1,24,0,2,1992.0,1.736986301369863,0,1.0,0.0,573,624051.4175,0
0,1,104,0,2,1983.0,3.16986301369863,0,1.0,0.0,574,243710.1425,1
0,1,143,0,2,1999.0,2.419178082191781,0,1.0,0.0,576,329390.58,0
1,1,22,1,2,1965.0,23.49041095890411,1,0.0,1.0,582,793546.4450000001,1
1,1,7,1,2,1981.0,19.27123287671233,0,0.0,1.0,583,647293.365,1
1,1,36,1,2,1988.0,3.3972602739726026,1,1.0,0.0,584,625509.375,1
1,1,8,0,2,1990.0,3.410958904109589,0,1.0,0.0,585,607169.2325,1
1,1,22,0,2,1985.142857142857,3.421917808219178,0,1.0,0.0,586,454493.7475,1
1,1,36,0,2,1961.0,3.421917808219178,0,1.0,0.0,589,227085.9225,1
1,5,22,0,2,1984.2857142857144,3.421917808219178,0,1.0,0.0,590,199330.095,0
1,1,22,0,2,1995.0,3.421917808219178,0,1.0,0.0,591,506715.6825,0
1,1,22,0,2,1991.0,3.3835616438356166,0,1.0,0.0,592,298460.815,0
1,1,22,0,2,1992.0,3.419178082191781,0,1.0,0.0,594,298460.815,0
1,1,27,0,2,1993.0,3.421917808219178,0,1.0,0.0,595,120001.25,1
1,1,22,1,2,1991.0,3.364383561643836,1,1.0,0.0,596,283605.25,0
0,1,157,1,2,1988.0,3.0876712328767124,0,1.0,0.0,597,609787.5,0
1,1,22,0,2,1961.0,2.96986301369863,0,1.0,0.0,599,140001.6125,1
0,1,48,0,2,1996.0,1.832876712328767,1,1.0,0.0,601,89472.91,0
1,3,22,0,2,1993.0,2.989041095890411,0,1.0,0.0,603,469693.0425,0
1,1,33,0,2,1981.0,1.5452054794520549,1,1.0,0.0,604,79375.0,1
1,1,6,0,2,1984.0,3.084931506849315,1,1.0,0.0,605,679860.245,1
1,1,7,1,2,1996.0,3.0794520547945203,0,1.0,0.0,606,380507.815,1
0,1,89,0,2,1993.0,1.4136986301369865,0,1.0,0.0,607,175563.0375,0
1,3,22,0,2,1994.0,1.2602739726027397,0,1.0,0.0,608,241625.02,0
0,1,84,0,2,1986.0,3.0191780821917806,0,1.0,0.0,609,276970.605,1
1,3,9,0,2,1995.0,2.704109589041096,0,1.0,0.0,610,332105.835,1
1,1,27,0,2,1971.0,2.334246575342466,0,1.0,0.0,611,201640.635,1
1,1,7,0,2,1946.0,2.084931506849315,0,1.0,0.0,614,20599.52,1
1,1,33,0,2,1986.2857142857144,2.6794520547945204,0,1.0,0.0,615,292029.32,1
1,3,8,0,2,1993.0,2.602739726027397,0,1.0,0.0,616,184155.505,0
1,5,33,0,2,1994.0,3.695890410958904,0,1.0,0.0,617,377534.885,0
1,1,64,0,2,1984.0,2.5972602739726027,0,1.0,0.0,618,127898.44,1
1,1,27,0,2,1991.0,2.021917808219178,1,1.0,0.0,619,28375.0,0
1,1,27,1,2,1993.0,3.4465753424657533,1,1.0,0.0,620,211627.5,0
1,1,8,0,2,1987.0,2.419178082191781,1,1.0,0.0,621,243100.01,0
1,1,36,0,2,1990.0,3.2986301369863016,0,1.0,0.0,622,340940.8775,0
1,1,108,1,2,1992.0,3.2986301369863016,1,1.0,0.0,624,921040.38,0
1,1,6,0,2,1965.0,2.7013698630136984,1,1.0,0.0,625,1052356.6675,1
0,1,48,0,2,1993.0,2.1671232876712327,0,1.0,0.0,626,101949.7,0
1,1,22,1,2,1990.0,3.334246575342466,1,1.0,0.0,627,313316.38,0
1,1,6,0,2,1981.0,2.4657534246575343,0,1.0,0.0,628,664556.9299999999,1
1,1,48,0,2,1993.0,2.621917808219178,0,1.0,0.0,629,221483.68,0
1,1,27,0,2,1989.0,1.6904109589041096,0,1.0,0.0,630,39033.49,0
1,1,33,0,2,1992.0,4.019178082191781,0,1.0,0.0,631,144779.81,0
1,1,33,0,2,1990.0,3.4876712328767123,0,1.0,0.0,633,140821.91,1
1,1,64,1,2,1971.0,3.336986301369863,0,1.0,0.0,634,508299.22,1
1,3,27,0,2,1996.0,3.295890410958904,0,1.0,0.0,635,114183.955,0
1,3,36,1,2,1994.0,3.295890410958904,0,1.0,0.0,636,566817.97,0
1,1,22,0,2,1989.0,3.2684931506849315,0,1.0,0.0,638,445361.5225,1
1,3,22,0,2,1989.0,2.9917808219178084,0,1.0,0.0,639,577406.665,0
1,1,8,0,2,1966.0,3.2684931506849315,0,1.0,0.0,640,1634648.92,1
1,1,22,0,2,1987.0,3.254794520547945,0,1.0,0.0,641,465726.725,1
1,3,7,0,2,1952.0,1.556164383561644,0,1.0,0.0,642,95114.76,1
1,3,22,0,2,1985.0,3.512328767123288,0,1.0,0.0,643,199330.095,1
1,1,8,0,2,1996.0,2.564383561643836,0,1.0,0.0,644,140102.915,0
1,3,33,0,2,1987.0,2.241095890410959,0,1.0,0.0,645,462822.92,0
1,3,36,1,2,1987.0,3.156164383561644,0,1.0,0.0,646,623318.75,1
1,4,6,0,2,1971.0,3.1232876712328768,1,1.0,0.0,649,1121407.565,1
1,1,64,1,2,1968.0,3.1205479452054794,0,1.0,0.0,650,510473.12,1
1,3,6,0,2,1969.0,3.117808219178082,1,1.0,0.0,651,1087136.1625,1
1,3,33,0,2,1987.0,3.117808219178082,0,1.0,0.0,652,377426.12,1
1,1,7,1,2,1976.0,3.104109589041096,0,1.0,0.0,653,329820.465,1
1,1,64,0,2,1969.0,3.117808219178082,0,1.0,0.0,654,509386.17,1
1,1,54,0,2,1981.0,3.112328767123288,0,1.0,0.0,655,150664.89250000002,0
1,1,35,0,2,1992.0,1.7863013698630137,0,1.0,0.0,656,98226.88,1
1,1,8,0,2,1988.0,3.084931506849315,0,1.0,0.0,658,710667.69,1
1,3,8,1,2,1981.0,17.104109589041094,0,1.0,0.0,659,623020.16,1
1,1,102,0,2,1978.0,4.087671232876712,0,1.0,0.0,660,209833.1275,1
1,1,39,0,2,1993.0,2.6575342465753424,0,1.0,0.0,662,93503.11,0
1,1,7,0,2,1993.0,3.671232876712329,0,1.0,0.0,663,541708.1525000001,0
1,1,8,1,2,1988.0,3.468493150684932,0,1.0,0.0,664,802556.685,1
1,1,7,0,2,1994.0,4.542465753424658,0,1.0,0.0,665,518334.62750000006,0
1,1,80,0,2,1985.0,4.210958904109589,0,1.0,0.0,666,245023.97,1
1,1,6,0,2,1983.0,2.3863013698630136,0,1.0,0.0,667,397293.23,1
1,1,36,0,2,1986.0,4.389041095890411,0,1.0,0.0,668,23883.68,0
1,1,22,0,2,1987.0,3.306849315068493,0,1.0,0.0,670,465726.725,1
1,3,6,0,2,1991.0,3.635616438356165,0,1.0,0.0,671,238718.23,0
1,5,24,0,2,1976.0,3.16986301369863,0,1.0,0.0,672,271929.05499999993,1
1,5,73,1,2,1978.0,3.1232876712328768,1,1.0,0.0,673,1366624.98,1
1,1,48,0,2,1991.7142857142856,6.093150684931507,0,1.0,0.0,674,167432.28,1
1,1,37,0,2,1980.0,5.046575342465753,0,1.0,0.0,675,86567.875,1
1,1,31,0,1,1958.0,3.6986301369863015,0,1.0,0.0,676,17678.2,0
1,1,55,0,1,1976.0,2.495890410958904,0,1.0,0.0,677,88201.375,1
1,1,31,0,1,1993.0,1.991780821917808,0,1.0,0.0,678,29784.8,0
1,1,31,0,1,1971.0,2.0,0,1.0,0.0,680,29439.6,1
1,1,31,0,1,1955.0,0.4821917808219178,0,1.0,0.0,682,48487.8,1
1,1,55,0,1,1991.0,2.0,0,1.0,0.0,683,91046.08,1
1,1,22,0,2,1978.0,22.578082191780823,0,0.0,1.0,684,488646.615,1
1,1,31,0,1,1972.0,1.9095890410958904,0,1.0,0.0,685,56797.4,1
1,1,31,0,1,1954.0,3.9178082191780814,0,1.0,0.0,686,31758.2,1
1,1,99,0,2,1959.0,3.526027397260274,0,1.0,0.0,689,463231.25,1
1,1,7,0,2,1974.0,2.6356164383561644,0,1.0,0.0,690,146890.625,1
1,1,22,0,2,1991.0,3.824657534246575,0,1.0,0.0,691,298460.815,0
1,1,6,0,2,1987.0,3.983561643835616,0,1.0,0.0,692,589296.61,1
1,1,99,0,2,1955.0,3.816438356164384,0,1.0,0.0,693,463231.25,1
1,1,31,0,1,1965.0,1.8164383561643835,0,1.0,0.0,695,21306.8,1
1,1,31,0,1,1981.0,2.336986301369863,0,1.0,0.0,697,64007.600000000006,1
1,1,122,1,1,1958.0,2.5863013698630137,0,1.0,0.0,698,265411.8,1
1,1,22,1,2,1986.0,6.03013698630137,1,1.0,0.0,699,518004.545,1
1,1,122,1,1,1991.0,3.336986301369863,0,1.0,0.0,700,222092.5,0
1,1,31,0,1,1992.0,1.263013698630137,0,1.0,0.0,701,74472.59999999999,0
1,1,122,0,1,1961.0,1.1232876712328768,0,1.0,0.0,702,235030.9,1
1,1,122,0,1,1981.0,1.4712328767123288,0,1.0,0.0,703,372823.08,1
1,1,48,0,2,1994.0,3.736986301369863,0,1.0,0.0,709,92151.55,0
1,1,31,0,1,1999.0,0.8794520547945206,0,1.0,0.0,710,14530.0,0
1,1,24,0,2,1972.0,4.23013698630137,0,1.0,0.0,711,387822.74,1
1,5,65,0,2,1994.0,3.632876712328767,0,1.0,0.0,712,456013.965,0
1,1,86,1,2,1993.0,3.852054794520548,0,1.0,0.0,713,783600.835,0
1,1,33,0,2,1992.0,2.3589041095890413,0,1.0,0.0,715,206515.82,0
1,3,6,0,2,1962.0,0.6986301369863014,1,1.0,0.0,716,539165.0,1
0,1,125,1,2,1993.0,2.4794520547945207,0,1.0,0.0,717,164258.33000000002,0
1,1,31,0,1,1958.0,1.1561643835616435,0,1.0,0.0,719,47075.8,1
0,1,125,1,2,1996.0,2.4986301369863013,0,1.0,0.0,718,169241.66499999998,0
0,1,125,0,2,1993.0,4.638356164383562,0,1.0,0.0,720,353290.515,0
1,1,31,0,1,1967.0,0.8767123287671232,0,1.0,0.0,721,18932.0,1
0,1,22,0,2,1970.0,1.5808219178082192,0,1.0,0.0,724,24023.38,1
1,1,24,0,2,1978.0,2.9013698630136986,0,1.0,0.0,726,93167.24,1
1,1,22,0,2,1991.0,1.2575342465753423,0,1.0,0.0,728,524247.7175,1
1,1,124,0,1,1964.0,2.835616438356164,0,1.0,0.0,729,154037.5,1
1,5,27,0,2,1993.0,4.7095890410958905,0,1.0,0.0,730,120001.25,0
1,1,51,0,2,2000.0,2.3589041095890413,0,1.0,0.0,731,80115.9375,0
1,1,80,0,2,1985.0,4.002739726027397,0,1.0,0.0,733,245023.97,1
1,3,33,0,2,1987.0,3.558904109589041,0,1.0,0.0,734,377426.12,1
1,3,36,0,2,1991.0,1.3945205479452054,0,1.0,0.0,735,56372.38,0
1,1,8,1,2,1987.0,12.578082191780824,0,1.0,0.0,736,796590.22,1
1,1,64,0,2,1976.0,3.1013698630136988,0,1.0,0.0,737,487787.565,1
1,1,1,0,1,1978.0,0.7452054794520548,0,1.0,0.0,738,102901.48,1
1,1,31,0,1,1971.0,2.421917808219178,0,1.0,0.0,739,90357.5,1
1,1,31,0,1,1974.0,1.978082191780822,0,1.0,0.0,740,63569.8,1
1,1,31,0,1,1984.0,2.073972602739726,0,1.0,0.0,741,216628.0,0
1,1,31,0,1,1984.0,0.1726027397260274,0,1.0,0.0,742,19714.2,1
1,1,31,0,1,1986.0,0.1972602739726027,0,1.0,0.0,743,15749.4,1
1,1,1,0,1,1975.0,2.317808219178082,0,1.0,0.0,744,19945.88,1
1,1,7,1,2,1994.0,5.917808219178082,0,1.0,0.0,747,371848.54,0
1,1,135,1,1,1951.0,3.254794520547945,0,1.0,0.0,749,128583.91,1
1,1,37,0,1,1958.0,3.068493150684932,0,1.0,0.0,750,17678.2,1
1,1,43,0,1,1978.0,2.9945205479452053,0,1.0,0.0,751,71688.23000000001,1
1,1,31,0,1,1999.0,2.9068493150684933,0,1.0,0.0,752,50412.7,0
1,1,102,0,2,1963.0,15.646575342465754,0,1.0,0.0,753,463231.25,1
1,1,31,1,1,1994.142857142857,4.002739726027397,0,1.0,0.0,754,87715.4,0
1,1,31,1,1,1975.7142857142856,3.8465753424657536,0,1.0,0.0,755,90109.1,1
1,3,123,0,1,1982.142857142857,3.0027397260273974,0,1.0,0.0,756,44886.25,1
1,1,123,0,1,1976.0,1.83013698630137,0,1.0,0.0,757,113675.07,1
0,1,29,1,1,1968.2857142857144,2.9178082191780823,0,1.0,0.0,758,198375.0,1
1,1,30,1,1,1967.0,2.068493150684932,0,1.0,0.0,760,231177.0,1
1,1,38,0,1,1993.0,1.9589041095890407,0,1.0,0.0,761,103462.0,0
1,1,134,0,1,1952.0,1.4712328767123288,0,1.0,0.0,762,80117.5,1
1,1,31,0,1,2003.0,3.0136986301369864,0,1.0,0.0,764,83668.925,0
1,1,31,0,1,2003.0,3.0136986301369864,0,1.0,0.0,765,83668.925,0
1,1,31,0,1,1993.0,2.9452054794520546,0,1.0,0.0,767,69954.1,1
1,1,31,0,1,1964.0,2.887671232876712,0,1.0,0.0,770,18023.0,1
1,3,31,0,1,1998.857142857143,1.832876712328767,0,1.0,0.0,772,116752.2,0
1,1,55,0,1,1997.0,1.126027397260274,0,1.0,0.0,776,52079.93,0
1,1,31,0,1,2001.0,2.3835616438356166,0,1.0,0.0,777,58618.65,0
1,1,31,0,1,1961.0,2.0191780821917806,0,1.0,0.0,778,172095.5,1
1,1,31,0,1,1999.0,3.0356164383561643,0,1.0,0.0,780,50412.7,0
1,4,31,0,1,1990.0,3.2164383561643834,0,1.0,0.0,781,46909.4,1
1,4,31,1,1,2000.0,2.8109589041095893,0,1.0,0.0,782,24474.05,0
1,3,31,0,1,2000.0,3.024657534246576,0,1.0,0.0,783,19588.0,0
1,3,31,0,1,1954.0,2.4136986301369863,0,1.0,0.0,784,57793.7,1
1,3,31,0,1,1981.4285714285716,4.002739726027397,0,1.0,0.0,785,205806.535,1
1,4,31,0,1,1961.0,2.4136986301369863,0,1.0,0.0,788,31826.9,1
1,3,31,0,1,1996.0,4.002739726027397,0,1.0,0.0,789,108285.6,0
1,4,31,0,1,2000.0,3.9178082191780814,0,1.0,0.0,791,29360.1,0
1,4,31,0,1,1966.0,3.506849315068493,0,1.0,0.0,794,109134.8,1
1,3,31,0,1,1995.0,3.589041095890411,0,1.0,0.0,796,108285.6,0
1,1,31,0,1,1993.0,2.682191780821918,0,1.0,0.0,798,83043.8,1
1,1,31,0,1,1968.0,4.002739726027397,0,1.0,0.0,799,133605.3,1
1,1,31,0,1,1983.0,2.0575342465753423,0,1.0,0.0,801,112930.9,0
1,1,1,0,1,1980.0,3.589041095890411,0,1.0,0.0,802,9724.0,1
1,1,31,0,1,1992.0,3.1835616438356165,0,1.0,0.0,803,69954.1,1
1,1,31,0,1,1995.0,0.2191780821917808,0,1.0,0.0,805,42754.7,1
1,1,31,0,1,1999.0,0.2191780821917808,0,1.0,0.0,806,38810.100000000006,0
1,3,122,1,1,1985.0,2.5863013698630137,0,1.0,0.0,808,199608.4,0
1,3,31,0,1,1978.0,3.276712328767123,0,1.0,0.0,809,239903.4,1
1,3,31,0,1,1960.0,2.1397260273972605,0,1.0,0.0,810,39593.4,1
1,4,31,1,1,1966.0,3.506849315068493,0,1.0,0.0,811,175036.6,1
1,4,1,0,1,1992.0,3.506849315068493,0,1.0,0.0,812,95560.3125,1
1,1,30,0,1,1975.0,1.0383561643835617,0,1.0,0.0,813,137975.625,1
1,3,122,0,1,1981.0,3.506849315068493,0,1.0,0.0,814,90925.0,1
1,3,31,0,1,1998.0,2.0575342465753423,0,1.0,0.0,816,31875.2,0
1,3,30,0,1,1998.0,3.208219178082192,0,1.0,0.0,817,53585.63,0
1,3,31,0,1,1972.0,0.8712328767123287,0,1.0,0.0,823,10242.0,1
1,3,31,0,1,1975.0,2.884931506849315,0,1.0,0.0,825,143073.8,1
1,4,31,1,1,1996.0,2.8904109589041096,0,1.0,0.0,826,188251.8,0
1,3,30,0,1,1974.7142857142856,3.3232876712328765,0,1.0,0.0,827,143073.8,1
1,3,31,1,1,1981.0,2.5863013698630137,0,1.0,0.0,828,371384.8,1
1,3,122,0,1,1982.142857142857,2.238356164383561,0,1.0,0.0,829,29975.0,1
1,3,122,0,1,1982.142857142857,2.3863013698630136,0,1.0,0.0,830,151875.0,0
1,1,55,0,1,1970.0,3.1232876712328768,0,1.0,0.0,832,89810.8,1
1,1,31,0,1,1996.0,2.96986301369863,0,1.0,0.0,837,184494.25,0
1,1,31,0,1,1994.0,2.5616438356164384,0,1.0,0.0,838,18750.0,1
1,1,31,0,1,1997.0,2.863013698630137,0,1.0,0.0,839,6931.2,1
1,4,31,0,1,1978.142857142857,4.002739726027397,0,1.0,0.0,841,18721.6,1
1,3,31,0,1,1996.4285714285716,3.0,0,1.0,0.0,845,108285.6,0
1,1,1,0,1,1983.0,1.295890410958904,0,1.0,0.0,848,140043.05,1
1,1,30,0,1,1989.4285714285716,3.421917808219178,0,1.0,0.0,850,67000.05,0
1,4,122,1,1,1973.0,3.336986301369863,0,1.0,0.0,852,250815.0,1
1,3,30,0,1,1982.0,3.326027397260274,0,1.0,0.0,853,40228.27,1
1,4,38,0,1,1987.0,1.5753424657534247,0,1.0,0.0,854,316870.15,1
1,3,31,0,1,1996.4285714285716,3.0876712328767124,0,1.0,0.0,855,108285.6,0
1,3,122,0,1,1949.0,2.852054794520548,0,1.0,0.0,858,185940.0,1
1,3,122,0,1,1995.0,2.673972602739726,0,1.0,0.0,859,185940.0,0
1,1,30,0,1,1966.0,2.9753424657534246,0,1.0,0.0,860,13553.55,0
1,1,1,0,1,1966.0,2.9726027397260277,0,1.0,0.0,861,55087.2,1
1,1,30,0,1,1972.857142857143,2.9342465753424656,0,1.0,0.0,863,50456.7,1
1,3,122,0,1,1986.0,1.2328767123287672,0,1.0,0.0,864,230881.7,0
1,4,122,0,1,1982.142857142857,2.4273972602739726,0,1.0,0.0,866,241650.0,0
1,3,122,0,1,1982.142857142857,2.9178082191780823,0,1.0,0.0,867,44886.25,1
1,3,122,0,1,1983.142857142857,1.8027397260273967,0,1.0,0.0,869,262155.0,0
1,3,30,0,1,1974.7142857142856,2.884931506849315,0,1.0,0.0,870,172245.19999999998,1
1,3,38,0,1,1992.2857142857144,1.8767123287671232,0,1.0,0.0,871,73229.0,0
0,1,134,1,1,1959.4285714285716,2.5863013698630137,0,1.0,0.0,872,228511.2,1
1,1,31,0,1,1970.0,3.2739726027397262,0,1.0,0.0,873,74622.55,1
1,1,31,0,1,1989.0,1.841095890410959,0,1.0,0.0,875,58872.1,1
1,1,31,0,1,1992.0,1.2136986301369863,0,1.0,0.0,877,30935.0,0
1,1,31,0,1,1984.0,2.512328767123288,0,1.0,0.0,878,66247.2,1
1,1,29,0,1,1979.0,1.5506849315068494,0,1.0,0.0,879,143275.5575,1
1,1,135,1,1,1963.0,3.241095890410959,0,1.0,0.0,880,3750.0,1
1,1,135,0,1,1960.0,2.5397260273972604,0,1.0,0.0,882,116325.0,1
1,1,31,0,1,1971.0,1.021917808219178,0,1.0,0.0,886,13140.0,1
1,1,31,0,1,1977.0,2.5863013698630137,0,1.0,0.0,889,87786.85,1
1,1,31,0,1,1999.0,1.0356164383561643,0,1.0,0.0,890,37925.0,1
1,1,31,0,1,1980.0,2.1397260273972605,0,1.0,0.0,891,58629.4,1
1,1,31,0,1,1976.0,2.9287671232876717,0,1.0,0.0,892,72733.6,1
1,1,31,0,1,1963.0,2.9287671232876717,0,1.0,0.0,894,14739.2,1
1,1,31,0,1,1986.0,1.7589041095890412,0,1.0,0.0,895,67891.5,1
1,1,31,0,1,1980.0,2.126027397260274,0,1.0,0.0,896,53698.6,1
1,1,31,0,1,1982.0,1.0027397260273974,0,1.0,0.0,897,11670.4,1
1,1,31,0,1,1968.0,1.0054794520547945,0,1.0,0.0,898,14935.2,1
1,1,31,0,1,1971.0,2.9287671232876717,0,1.0,0.0,899,59898.55,1
1,1,31,0,1,1983.0,2.16986301369863,0,1.0,0.0,900,76233.59999999999,1
1,1,31,0,1,1986.0,2.9287671232876717,0,1.0,0.0,901,64968.95,1
1,1,31,0,1,1989.0,2.1095890410958904,0,1.0,0.0,902,75128.0,1
1,1,31,0,1,1975.0,2.06027397260274,0,1.0,0.0,905,59842.8,1
1,1,31,0,1,1985.0,2.032876712328767,0,1.0,0.0,906,62046.4,1
1,1,134,0,1,1959.4285714285716,1.1506849315068493,0,1.0,0.0,907,172418.1,1
1,1,30,1,1,1984.0,2.5863013698630137,0,1.0,0.0,908,276517.4,1
1,1,31,0,1,1981.0,0.6027397260273972,0,1.0,0.0,910,20597.1,1
1,1,31,0,1,1984.0,1.4136986301369865,0,1.0,0.0,918,90620.3,1
1,1,1,0,1,1982.0,1.8465753424657532,0,1.0,0.0,921,97382.8,1
1,1,7,0,2,1970.0,7.531506849315068,0,1.0,0.0,923,78347.82,1
1,5,33,0,2,1993.0,4.654794520547945,0,1.0,0.0,924,306863.685,0
1,5,22,1,2,1977.0,3.9178082191780814,0,1.0,0.0,925,419935.94,1
1,1,55,0,1,1977.0,2.356164383561644,0,1.0,0.0,926,107434.4375,1
1,1,31,0,1,1975.0,3.0,0,1.0,0.0,928,30671.4,1
1,1,31,0,1,1979.7142857142856,4.002739726027397,0,1.0,0.0,929,56164.0,1
1,1,1,0,1,1996.0,4.002739726027397,0,1.0,0.0,930,54497.39750000001,0
1,1,31,0,1,1972.857142857143,2.271232876712329,0,1.0,0.0,932,47043.2,1
1,1,31,0,1,1977.0,2.0191780821917806,0,1.0,0.0,933,31606.5,1
1,1,31,0,1,1960.0,2.271232876712329,0,1.0,0.0,934,28086.3,1
1,1,31,0,1,1982.142857142857,3.506849315068493,0,1.0,0.0,939,70120.6,1
1,1,70,0,2,1997.0,2.873972602739726,0,1.0,0.0,940,54499.965,0
0,1,2,0,2,1993.0,2.4657534246575343,0,1.0,0.0,941,178025.025,0
1,1,48,1,2,1994.0,2.854794520547945,0,1.0,0.0,942,281853.73000000004,0
1,1,88,0,2,1997.0,1.1534246575342466,0,1.0,0.0,943,443650.365,0
1,1,48,0,2,1991.857142857143,2.835616438356164,0,1.0,0.0,944,161716.69,0
1,1,6,1,2,1964.0,2.854794520547945,1,1.0,0.0,945,1173373.335,1
1,1,107,1,2,1962.0,2.824657534246575,0,1.0,0.0,947,648746.6699999999,1
1,1,8,1,2,1988.0,2.797260273972603,0,1.0,0.0,948,618778.695,0
1,1,8,0,2,1988.0,2.887671232876712,0,1.0,0.0,949,710667.69,1
1,1,7,1,2,1987.0,2.643835616438356,0,1.0,0.0,950,376036.535,0
1,1,27,0,2,1995.0,2.7534246575342465,0,1.0,0.0,951,181767.08,0
1,1,120,0,3,1956.0,2.6246575342465754,0,1.0,0.0,952,436305.9,1
1,1,29,0,1,1964.2857142857144,4.002739726027397,0,1.0,0.0,953,66587.3,1
1,1,1,0,1,1977.142857142857,3.2356164383561645,0,1.0,0.0,958,32872.465000000004,1
1,1,1,0,1,1984.0,0.2383561643835616,0,1.0,0.0,959,29937.800000000003,1
1,1,31,0,1,1971.0,3.2356164383561645,0,1.0,0.0,961,59898.55,1
1,1,31,1,1,1997.0,1.915068493150685,0,1.0,0.0,962,58977.7,1
1,1,31,0,1,1978.571428571429,3.1890410958904107,0,1.0,0.0,965,56164.0,1
1,1,31,0,1,1973.2857142857144,0.3890410958904109,0,1.0,0.0,968,29237.5,1
1,1,31,0,1,1970.2857142857144,0.1589041095890411,0,1.0,0.0,969,19472.0,1
1,1,53,0,1,1984.857142857143,3.112328767123288,0,1.0,0.0,970,200994.3925,1
1,1,22,0,2,1985.0,1.8547945205479448,0,1.0,0.0,971,391760.2175,1
1,5,31,0,1,2003.0,2.882191780821918,0,1.0,0.0,973,213746.19,0
1,1,128,0,2,1996.0,2.1232876712328768,0,1.0,0.0,975,101541.67,0
1,1,31,0,1,1997.0,3.421917808219178,0,1.0,0.0,976,32954.45,1
1,1,31,0,1,1996.0,3.421917808219178,0,1.0,0.0,977,32954.45,1
1,1,31,0,1,1968.0,3.219178082191781,0,1.0,0.0,979,239973.8,1
1,1,31,1,1,1985.0,1.915068493150685,0,1.0,0.0,983,62426.2,1
1,1,32,0,2,1959.0,12.471232876712328,0,1.0,0.0,984,148529.9,1
1,1,31,0,1,1992.0,0.7205479452054795,0,1.0,0.0,986,72571.3,1
1,1,1,0,1,1996.0,1.1534246575342466,0,1.0,0.0,987,95899.195,1
1,1,31,0,1,1969.0,3.2164383561643834,0,1.0,0.0,988,153829.1,1
1,1,31,0,1,1997.0,3.238356164383561,0,1.0,0.0,989,32954.45,1
1,1,31,0,1,1995.0,1.2246575342465753,0,1.0,0.0,990,127737.5,0
1,1,31,0,1,1996.0,3.16986301369863,0,1.0,0.0,991,32954.45,1
1,1,31,0,1,1973.0,1.7780821917808218,0,1.0,0.0,992,53870.2,1
1,1,31,0,1,1985.0,1.1424657534246576,0,1.0,0.0,994,67187.3,1
1,1,1,0,1,1980.0,2.1534246575342464,0,1.0,0.0,999,97373.82,1
1,1,1,0,1,1971.0,2.9945205479452053,0,1.0,0.0,1000,45674.1425,1
1,1,1,0,1,1988.0,1.2,0,1.0,0.0,1002,37138.93,1
1,1,31,0,1,1977.0,2.98082191780822,0,1.0,0.0,1003,87786.85,1
1,1,37,0,2,1974.0,2.287671232876712,0,1.0,0.0,1006,154365.6,1
1,1,31,0,1,1988.0,2.852054794520548,0,1.0,0.0,1007,67000.05,1
1,1,31,1,1,1969.0,2.852054794520548,0,1.0,0.0,1008,248770.6,1
1,1,1,0,1,1974.0,2.871232876712329,0,1.0,0.0,1009,22811.25,1
1,1,31,0,1,2003.0,2.868493150684932,0,1.0,0.0,1010,83668.925,0
1,1,31,0,1,1999.0,1.4082191780821918,0,1.0,0.0,1013,86295.40000000001,0
1,1,31,0,1,1975.571428571429,3.112328767123288,0,1.0,0.0,1015,72733.6,1
1,1,31,0,1,1975.571428571429,0.0328767123287671,0,1.0,0.0,1016,24737.5,1
1,1,31,0,1,1975.571428571429,3.112328767123288,0,1.0,0.0,1017,1500.0,1
1,1,31,0,1,1975.571428571429,3.112328767123288,0,1.0,0.0,1018,72733.6,1
1,1,31,0,1,1975.571428571429,3.112328767123288,0,1.0,0.0,1019,72733.6,1
1,1,31,0,1,1957.0,3.1424657534246574,0,1.0,0.0,1020,9000.0,1
1,1,31,0,1,2001.0,3.0712328767123287,0,1.0,0.0,1033,28154.0,0
1,1,31,0,1,1972.0,3.084931506849315,0,1.0,0.0,1037,51920.3,1
1,1,31,0,1,1968.0,2.8219178082191783,0,1.0,0.0,1045,131852.9,1
1,3,30,0,1,1994.0,2.8438356164383563,0,1.0,0.0,1046,213284.9,0
1,1,31,0,1,1960.0,0.7945205479452054,0,1.0,0.0,1047,2888.0,1
1,1,31,0,1,1982.0,2.808219178082192,0,1.0,0.0,1050,70120.6,1
1,1,1,0,1,1976.0,4.002739726027397,0,1.0,0.0,1051,32872.465000000004,1
1,1,31,0,1,2000.0,2.808219178082192,0,1.0,0.0,1052,52941.7,0
1,3,122,0,1,1992.0,1.6027397260273972,0,1.0,0.0,1054,72041.05,0
1,3,122,0,1,2000.0,2.786301369863014,0,1.0,0.0,1055,86218.75,0
1,1,31,0,1,1964.0,2.8575342465753426,0,1.0,0.0,1056,18023.0,1
1,1,31,0,1,1976.0,2.8767123287671232,0,1.0,0.0,1057,72733.6,1
1,1,31,0,1,1973.0,2.852054794520548,0,1.0,0.0,1058,50456.7,1
1,1,31,0,1,1974.4285714285716,0.536986301369863,0,1.0,0.0,1060,83191.3,1
1,1,31,0,1,1998.0,0.810958904109589,0,1.0,0.0,1061,12125.0,0
1,1,1,0,1,1979.0,3.084931506849315,0,1.0,0.0,1063,53548.91,1
1,1,31,0,1,1969.0,1.0986301369863014,0,1.0,0.0,1064,32909.5,1
1,1,80,0,2,1998.0,2.868493150684932,0,1.0,0.0,1065,321411.2675,0
0,1,125,0,2,1993.0,0.8493150684931506,0,1.0,0.0,1066,108379.165,0
1,1,27,0,2,1993.571428571429,3.421917808219178,0,1.0,0.0,1068,181767.08,0
1,1,35,0,2,1979.4285714285716,4.413698630136986,0,1.0,0.0,1069,86567.875,0
1,1,31,0,1,1987.0,2.43013698630137,0,1.0,0.0,1070,60553.25,1
1,1,55,0,2,1955.0,7.252054794520548,0,1.0,0.0,1071,353773.79500000004,1
1,1,55,0,1,1981.4285714285716,1.3506849315068492,0,1.0,0.0,1072,202966.0,1
1,1,27,1,2,1968.0,5.841095890410959,1,1.0,0.0,1073,406569.775,1
1,1,31,0,1,1976.857142857143,3.084931506849315,0,1.0,0.0,1074,87786.85,1
1,3,31,0,1,1983.0,2.868493150684932,0,1.0,0.0,1076,58230.935,1
1,1,116,0,3,1976.0,3.213698630136986,0,1.0,0.0,1077,403251.325,1
1,1,97,0,2,1991.0,3.841095890410959,0,1.0,0.0,1078,355414.8425,1
1,1,107,1,2,1961.0,3.372602739726027,0,1.0,0.0,1080,277715.83,1
1,1,68,1,2,1957.0,3.6301369863013697,0,1.0,0.0,1081,341032.55,1
1,1,55,0,1,1999.0,2.841095890410959,0,1.0,0.0,1082,18260.25,0
1,3,108,0,2,1982.2857142857144,2.9013698630136986,0,1.0,0.0,1083,472584.1925,0
1,1,31,0,1,2001.0,2.841095890410959,0,1.0,0.0,1084,62240.0,0
1,1,31,0,1,1978.0,0.4767123287671233,0,1.0,0.0,1085,46022.4,1
1,1,22,0,2,1981.0,1.7452054794520548,0,1.0,0.0,1086,249187.5,1
1,1,31,0,1,1983.571428571429,2.734246575342466,0,1.0,0.0,1089,241945.0,0
1,1,129,0,1,1995.0,2.9178082191780823,0,1.0,0.0,1090,182277.115,0
1,1,104,0,3,1980.0,2.5863013698630137,0,1.0,0.0,1092,243710.1425,1
1,1,31,0,1,1970.0,2.473972602739726,0,1.0,0.0,1093,58887.6,1
1,1,31,0,1,1993.0,2.4876712328767123,0,1.0,0.0,1094,56864.4,1
1,1,134,1,1,1959.4285714285716,2.915068493150685,0,1.0,0.0,1097,255535.4,1
1,3,71,0,2,1980.0,4.641095890410959,0,1.0,0.0,1098,515344.33,1
1,1,31,0,1,1993.0,0.8191780821917808,0,1.0,0.0,1104,40025.0,0
1,1,31,0,1,1953.0,2.293150684931507,0,1.0,0.0,1106,179577.0,0
1,5,132,0,2,1973.0,1.7397260273972603,1,1.0,0.0,1109,824395.0,1
1,1,133,0,2,1985.0,2.580821917808219,0,1.0,0.0,1110,95462.5,1
1,1,38,1,1,1994.0,2.750684931506849,0,1.0,0.0,1120,232711.0,0
1,1,31,0,1,1986.0,0.8273972602739726,0,1.0,0.0,1121,42500.3,1
1,1,122,1,1,1980.857142857143,3.336986301369863,0,1.0,0.0,1126,260330.79,0
1,1,31,0,1,1974.2857142857144,1.3123287671232875,0,1.0,0.0,1127,73284.73,1
1,4,31,0,1,1968.0,2.6410958904109587,0,1.0,0.0,1130,43233.0,1
1,1,64,1,2,1976.0,2.556164383561644,0,1.0,0.0,1131,467275.91,1
1,4,31,0,1,1979.0,2.6410958904109587,0,1.0,0.0,1132,129312.5,1
1,4,1,0,1,1979.0,2.6246575342465754,0,1.0,0.0,1134,39560.63,0
1,3,1,0,1,1994.0,2.6356164383561644,0,1.0,0.0,1135,95560.3125,1
1,1,31,0,1,1978.0,0.1589041095890411,0,1.0,0.0,1137,28753.9,1
1,1,30,0,1,1966.0,2.378082191780822,0,1.0,0.0,1138,118435.4,1
1,1,31,0,1,1983.0,1.0657534246575342,0,1.0,0.0,1139,22960.0,1
1,1,1,0,1,1969.0,0.1589041095890411,0,1.0,0.0,1141,44879.4,1
1,3,33,0,2,1982.0,2.0794520547945203,1,1.0,0.0,1158,1284253.33,1
1,1,8,0,2,1992.0,2.5342465753424657,0,1.0,0.0,1164,508159.88,0
1,4,27,0,2,1995.0,2.526027397260274,0,1.0,0.0,1171,181767.08,0
1,1,24,0,2,1995.0,2.5232876712328767,0,1.0,0.0,1172,380502.3574999999,1
1,1,108,0,2,1991.0,2.504109589041096,0,1.0,0.0,1173,784348.6525000001,0
1,3,6,0,2,1953.0,0.3835616438356164,0,1.0,0.0,1176,95114.76,1
1,3,8,0,2,1989.0,1.547945205479452,0,1.0,0.0,1178,149298.435,1
1,1,64,0,2,1975.0,0.5917808219178082,0,1.0,0.0,1179,487787.565,1
1,1,62,0,1,1957.0,2.5863013698630137,0,1.0,0.0,1193,229552.565,1
1,1,24,0,2,1980.0,1.3534246575342466,0,1.0,0.0,1208,80409.48000000001,1
0,1,138,1,2,1994.0,2.4794520547945207,0,1.0,0.0,1212,274014.715,1
0,1,17,0,2,1989.0,2.4438356164383563,0,1.0,0.0,1215,115158.6975,1
1,4,104,0,3,1985.0,2.405479452054794,0,1.0,0.0,1217,243710.1425,1
1,3,140,0,2,1994.0,0.4356164383561643,0,1.0,0.0,1221,45375.0,0
1,1,8,0,2,1992.0,2.1397260273972605,0,1.0,0.0,1222,418595.59,0
1,1,93,0,2,1998.0,0.5945205479452055,0,1.0,0.0,1223,271637.60500000004,0
1,3,30,0,1,1959.0,2.4,0,1.0,0.0,1280,32974.9,1
1,3,36,0,2,1979.0,0.1780821917808219,0,1.0,0.0,1288,56311.67,1
1,4,31,0,1,1993.0,2.3698630136986303,0,1.0,0.0,1297,65968.55,1
1,4,1,0,1,1977.0,2.3917808219178083,0,1.0,0.0,1298,113680.315,1
1,3,31,0,1,1992.0,2.367123287671233,0,1.0,0.0,1299,65968.55,1
1,4,84,0,2,1991.0,2.3123287671232875,0,1.0,0.0,1300,517222.9125,0
1,1,22,0,2,1992.0,0.4465753424657534,1,1.0,0.0,1302,624051.4175,0
1,1,7,0,2,1980.0,1.0410958904109588,0,1.0,0.0,1304,90031.03,1
0,1,177,1,2,1999.0,2.084931506849315,0,1.0,0.0,1306,120345.15,0
1,1,33,0,2,1993.0,0.3945205479452054,0,1.0,0.0,1310,223214.905,0
1,1,24,0,2,1975.0,0.2273972602739726,0,1.0,0.0,1323,93073.22,1
1,1,70,0,2,1998.0,2.249315068493151,0,1.0,0.0,1324,54499.965,0
1,1,8,0,2,1982.0,0.8383561643835616,0,1.0,0.0,1325,134514.52,1
1,1,144,0,2,1967.0,2.238356164383561,0,1.0,0.0,1326,33750.0,1
1,1,24,0,2,1983.0,2.468493150684932,0,1.0,0.0,1329,164798.49,1
1,3,146,0,2,2005.0,0.8931506849315068,0,1.0,0.0,1330,44336.29,0
1,1,7,0,2,1988.0,2.202739726027397,0,1.0,0.0,1332,589296.61,1
1,1,33,0,2,1994.0,0.7534246575342466,0,1.0,0.0,1334,60801.81,0
1,1,48,0,2,1984.0,0.0958904109589041,0,1.0,0.0,1335,357081.6075,0
1,1,27,0,2,1997.0,2.208219178082192,0,1.0,0.0,1336,159055.085,0
0,1,147,0,2,1993.0,0.2547945205479452,1,1.0,0.0,1380,383052.8175,0
1,1,176,0,2,1983.0,1.556164383561644,0,1.0,0.0,1381,302974.69,1
1,1,8,0,2,1990.0,2.1452054794520548,0,1.0,0.0,1382,244851.9625,0
1,1,27,0,2,1998.0,0.8684931506849315,0,1.0,0.0,1383,76461.25,0
1,1,27,0,2,1997.0,2.1452054794520548,0,1.0,0.0,1384,159055.085,0
1,1,40,0,2,1996.0,0.8767123287671232,0,1.0,0.0,1385,59745.16,0
1,5,22,0,2,1985.0,1.189041095890411,0,1.0,0.0,1386,160798.31,1
1,1,80,1,2,1968.0,2.1205479452054794,0,1.0,0.0,1388,359722.365,1
1,1,43,0,2,1991.0,2.1205479452054794,0,1.0,0.0,1389,141191.8425,1
1,1,1,0,1,1971.0,0.8,0,1.0,0.0,1390,68537.035,0
1,1,22,0,2,2000.0,0.1589041095890411,1,1.0,0.0,1397,351609.755,0
1,1,48,1,2,1995.0,2.084931506849315,0,1.0,0.0,1398,316776.815,0
1,1,95,1,2,1998.0,2.0794520547945203,0,1.0,0.0,1399,451489.41,0
1,1,24,0,2,1999.0,2.063013698630137,0,1.0,0.0,1430,6439.51,0
0,1,17,0,2,1993.0,0.663013698630137,0,1.0,0.0,1432,101953.23,0
0,1,149,0,2,1970.0,0.6,0,1.0,0.0,1433,350983.33,1
1,1,27,0,2,1995.0,1.021917808219178,0,1.0,0.0,1434,151906.66,0
1,1,8,0,2,1987.0,0.2465753424657534,0,1.0,0.0,1435,189256.255,1
1,5,36,1,2,1983.0,2.0356164383561643,1,1.0,0.0,1436,645942.655,1
0,1,120,0,3,1976.0,0.4931506849315068,0,1.0,0.0,1437,201681.445,1
1,3,33,0,2,1995.0,0.589041095890411,0,1.0,0.0,1439,43523.39,0
1,1,89,0,2,1993.0,0.6082191780821918,0,1.0,0.0,1440,91785.8,0
1,1,22,0,2,1991.0,0.3945205479452054,1,1.0,0.0,1441,524247.7175,0
1,1,8,0,2,1985.0,0.2821917808219178,0,1.0,0.0,1443,671990.63,0
1,1,17,0,2,1986.0,0.010958904109589,0,1.0,0.0,1445,260450.825,1
1,3,22,0,2,1989.0,0.958904109589041,0,1.0,0.0,1446,306835.0,0
1,1,6,0,2,1964.0,1.093150684931507,0,1.0,0.0,1538,931340.0,1
1,1,153,1,1,1994.0,1.915068493150685,0,1.0,0.0,1539,172489.27,0
1,1,17,0,2,1994.0,0.4821917808219178,0,1.0,0.0,1543,42575.0,0
1,3,36,0,2,1994.0,0.3342465753424657,0,1.0,0.0,1619,365525.7475,0
1,1,66,0,3,1975.0,0.4931506849315068,0,1.0,0.0,1625,487787.565,1
1,1,78,0,3,1990.0,0.3616438356164383,0,1.0,0.0,1629,260911.635,1
1,3,7,0,2,1996.0,1.0547945205479452,0,1.0,0.0,1630,203575.64,0
1,1,122,0,1,1980.0,1.4,0,1.0,0.0,1636,308985.22,0
1,1,55,0,1,1997.0,0.7452054794520548,0,1.0,0.0,1637,158255.57,0
1,1,134,0,1,1952.0,1.104109589041096,0,1.0,0.0,1644,79885.0,1
1,1,48,1,2,1978.0,1.7808219178082192,0,1.0,0.0,1657,646260.715,1
1,1,108,0,2,1983.857142857143,1.2301369863013698,0,1.0,0.0,1683,459578.625,0
1,1,22,1,2,1987.0,1.7424657534246577,1,1.0,0.0,1685,390982.95,1
1,1,104,0,3,1989.0,0.3506849315068493,0,1.0,0.0,1715,784348.6525000001,0
1,1,9,0,2,1995.0,0.3150684931506849,0,1.0,0.0,1716,48561.62,0
1,1,1,0,1,1964.0,0.5205479452054794,0,1.0,0.0,1738,65295.0,1
1,1,162,0,3,1970.0,0.6410958904109589,1,1.0,0.0,1739,638216.66,1
1,1,163,0,3,1975.0,0.3123287671232876,0,1.0,0.0,1740,501676.875,1
0,1,161,0,2,1992.0,0.3452054794520548,0,1.0,0.0,1741,68614.52,0
1,1,27,0,2,1969.0,0.726027397260274,0,1.0,0.0,1760,134759.995,1
1,1,27,0,2,1963.0,1.643835616438356,0,1.0,0.0,1761,70111.29000000001,1
1,1,31,0,1,1981.0,1.523287671232877,0,1.0,0.0,1771,312194.5,1
1,3,30,0,1,1954.0,0.4958904109589041,0,1.0,0.0,1772,88858.75,1
1,3,30,0,1,1992.0,0.4904109589041096,0,1.0,0.0,1773,86982.5,1
1,1,43,0,1,1980.0,0.8164383561643835,0,1.0,0.0,1784,67902.5,1
1,5,8,0,2,1993.0,1.5863013698630135,0,1.0,0.0,1800,454527.5,1
1,3,122,1,1,1982.142857142857,1.9013698630136984,0,1.0,0.0,1803,59797.5,1
1,3,122,1,1,1982.142857142857,1.9013698630136984,0,1.0,0.0,1804,59397.5,1
1,1,122,0,1,1978.0,1.180821917808219,0,1.0,0.0,1814,320912.89,1
1,1,122,0,1,1979.0,1.523287671232877,0,1.0,0.0,1815,436660.94,1
1,1,24,0,1,1968.0,0.9041095890410958,0,1.0,0.0,1816,204331.185,1
1,1,122,0,1,1992.0,0.9506849315068492,0,1.0,0.0,1820,249937.65,1
1,1,55,0,1,1975.0,0.8136986301369863,0,1.0,0.0,1822,126667.5,1
1,1,31,0,1,1959.0,0.4136986301369863,0,1.0,0.0,1825,77750.0,1
1,1,31,0,1,1976.0,0.5835616438356165,0,1.0,0.0,1827,148995.0,1
1,1,29,0,1,1979.2857142857144,1.1424657534246576,0,1.0,0.0,1833,163891.115,1
1,3,33,0,2,1994.0,0.6191780821917808,1,1.0,0.0,1834,235876.565,0
1,1,31,0,1,1983.0,0.810958904109589,0,1.0,0.0,1844,150765.0,1
1,1,4,0,1,1958.0,0.5589041095890411,0,1.0,0.0,1846,169630.0,1
1,1,31,0,1,1987.0,0.8410958904109589,0,1.0,0.0,1849,53215.0,1
1,1,31,0,1,1978.0,0.7972602739726027,0,1.0,0.0,1850,147055.0,1
1,1,124,0,1,1977.0,0.8164383561643835,0,1.0,0.0,1852,205965.0,1
1,1,124,0,1,1969.0,0.8164383561643835,0,1.0,0.0,1854,195215.0,1
1,1,31,0,1,1981.0,0.821917808219178,0,1.0,0.0,1855,164425.0,1
1,1,31,0,1,2003.0,0.7095890410958904,0,1.0,0.0,1857,57972.6,0
1,1,31,0,1,2002.0,0.852054794520548,0,1.0,0.0,1860,109365.25,0
1,1,31,0,1,2002.0,0.589041095890411,0,1.0,0.0,1861,69056.2,0
1,1,31,0,1,1994.0,1.0383561643835617,0,1.0,0.0,1862,126961.7,1
1,1,31,0,1,1958.0,1.0383561643835617,0,1.0,0.0,1863,144875.15,1
1,1,31,1,1,1962.0,1.5808219178082192,0,1.0,0.0,1865,122526.8,1
1,1,31,0,1,1963.0,0.8438356164383561,0,1.0,0.0,1867,102755.6,1
1,1,30,0,1,1998.0,0.547945205479452,0,1.0,0.0,1873,117947.18,1
1,1,31,0,1,2001.0,0.6958904109589041,0,1.0,0.0,1874,29477.3,0
1,1,55,0,1,1998.0,0.8191780821917808,0,1.0,0.0,1878,154322.5,1
1,1,31,0,1,1971.0,0.3780821917808219,0,1.0,0.0,1881,49865.6,1
1,1,31,0,1,1968.0,0.8657534246575342,0,1.0,0.0,1886,130942.5,1
1,3,31,0,1,1978.0,0.7726027397260274,0,1.0,0.0,1890,123162.5,1
1,1,31,0,1,1962.0,0.8191780821917808,0,1.0,0.0,1892,62717.5,0
1,1,80,1,1,1965.0,1.547945205479452,0,1.0,0.0,1899,237492.7,1
1,1,31,0,1,1965.0,0.8684931506849315,0,1.0,0.0,1902,100425.0,1
1,1,55,0,1,1961.0,0.9616438356164384,0,1.0,0.0,1903,178362.5,1
0,1,31,0,1,1998.0,0.7287671232876712,0,1.0,0.0,1904,47520.925,1
1,1,31,0,1,1972.0,0.4,0,1.0,0.0,1906,45520.0,1
1,1,31,0,1,1962.0,0.8273972602739726,0,1.0,0.0,1909,78237.5,1
1,1,31,0,1,1967.0,0.736986301369863,0,1.0,0.0,1916,105230.0,1
1,1,31,0,1,1983.0,0.7589041095890411,0,1.0,0.0,1917,114292.5,1
1,1,90,0,2,1990.0,0.6986301369863014,0,1.0,0.0,1918,259340.275,1
1,1,124,0,1,1974.0,0.7753424657534247,0,1.0,0.0,1920,195060.0,1
1,1,31,1,1,1959.0,1.5041095890410958,0,1.0,0.0,1926,266100.5,1
1,1,33,1,2,1994.0,1.5095890410958903,1,1.0,0.0,1931,634798.02,0
1,1,124,0,1,1969.0,0.7452054794520548,0,1.0,0.0,1932,87825.0,1
1,1,31,0,1,2001.0,0.7315068493150685,0,1.0,0.0,1935,87760.0,0
1,1,24,0,1,1988.0,0.6575342465753424,0,1.0,0.0,1936,76562.5,1
1,1,124,0,1,1972.857142857143,1.008219178082192,0,1.0,0.0,1938,232110.0,1
1,1,31,0,1,2001.0,0.6301369863013698,0,1.0,0.0,1941,39331.035,0
0,1,125,0,1,1998.0,0.4712328767123288,0,1.0,0.0,1947,24000.0,0
1,1,167,0,3,1993.0,1.2465753424657535,0,1.0,0.0,1952,222299.665,1
1,1,31,0,1,1954.0,0.4657534246575342,0,1.0,0.0,1954,83385.0,1
1,1,139,0,1,1995.0,0.7671232876712328,0,1.0,0.0,1955,45500.0,0
0,1,112,0,2,1998.0,1.378082191780822,0,1.0,0.0,1957,199208.145,0
1,1,49,1,2,1991.0,1.4684931506849317,1,1.0,0.0,1959,364496.52,1
1,1,24,0,2,1975.0,0.2356164383561644,0,1.0,0.0,1960,62224.27,1
1,5,89,1,2,1994.0,1.473972602739726,0,1.0,0.0,1961,795514.9299999999,0
1,1,7,0,2,1979.0,0.0136986301369863,0,1.0,0.0,1962,112272.775,1
1,1,6,1,2,1986.0,1.463013698630137,1,1.0,0.0,1964,962427.26,1
1,1,31,0,1,1974.0,0.5589041095890411,0,1.0,0.0,1965,67280.0,1
1,1,7,0,2,1969.0,0.0054794520547945,0,1.0,0.0,1967,1226821.8875,1
1,1,158,0,2,1994.0,0.421917808219178,0,1.0,0.0,1969,115352.73,0
1,1,31,0,1,1958.0,0.7205479452054795,0,1.0,0.0,1970,91225.0,1
1,1,31,0,1,1978.0,0.9424657534246575,0,1.0,0.0,1975,164500.0,1
1,1,49,0,2,1996.0,0.3589041095890411,1,1.0,0.0,1976,134870.86,0
1,3,36,0,2,1994.0,0.3616438356164383,0,1.0,0.0,1985,213330.08,0
1,1,31,0,1,1970.571428571429,0.421917808219178,0,1.0,0.0,1987,92440.0,1
1,1,43,0,1,1994.0,0.5671232876712329,0,1.0,0.0,1988,103234.17,1
1,5,124,0,1,1980.0,0.4136986301369863,0,1.0,0.0,1993,182125.0,1
0,1,125,0,1,1989.7142857142856,0.7753424657534247,0,1.0,0.0,1996,52000.0,0
0,1,125,0,1,1991.2857142857144,0.7205479452054795,0,1.0,0.0,1998,52500.0,0
1,1,78,0,2,1987.0,0.3534246575342465,0,1.0,0.0,2000,224351.61,1
1,1,33,0,2,1993.0,0.0027397260273972,0,1.0,0.0,2001,223214.905,0
1,1,36,0,2,1991.0,0.4712328767123288,1,1.0,0.0,2002,134342.97,0
1,1,31,0,1,1969.0,1.295890410958904,0,1.0,0.0,2006,241669.83,1
1,1,31,0,1,1971.0,0.7397260273972602,0,1.0,0.0,2007,118900.0,1
1,1,54,0,2,1991.0,0.2904109589041095,0,1.0,0.0,2009,99422.29,0
1,1,36,1,2,1995.0,1.4082191780821918,0,1.0,0.0,2010,517721.415,0
0,1,25,1,1,1980.2857142857144,1.4164383561643836,0,1.0,0.0,2013,280608.7,1
1,3,31,0,1,1997.0,0.5506849315068493,0,1.0,0.0,2016,106219.17,0
1,1,6,1,2,1967.0,1.3972602739726028,1,1.0,0.0,2017,2095924.505,1
1,1,22,0,2,1996.0,0.010958904109589,0,1.0,0.0,2018,614424.8374999999,0
1,1,22,1,2,1990.0,1.3972602739726028,1,1.0,0.0,2019,456173.435,1
1,5,31,0,1,1964.0,0.7726027397260274,0,1.0,0.0,2020,131400.0,1
1,1,31,0,1,1969.0,0.7315068493150685,0,1.0,0.0,2023,104050.0,1
1,1,31,0,1,1984.0,0.4931506849315068,0,1.0,0.0,2024,69737.5,1
0,1,170,0,2,1996.0,0.9232876712328768,0,1.0,0.0,2027,375984.81,0
1,3,29,0,1,1985.0,0.1945205479452054,0,1.0,0.0,2031,44446.9,1
1,1,124,0,1,1996.0,0.6438356164383562,0,1.0,0.0,2033,173275.0,1
1,1,124,0,1,1990.0,0.726027397260274,0,1.0,0.0,2034,165400.0,1
1,1,168,1,2,1982.0,1.3753424657534246,0,1.0,0.0,2036,365137.09,1
1,1,158,0,2,1995.0,0.6958904109589041,0,1.0,0.0,2040,229625.81,0
1,1,31,0,1,1993.0,0.2054794520547945,0,1.0,0.0,2043,42655.0,0
1,1,124,0,1,1963.0,0.7178082191780822,0,1.0,0.0,2044,204650.0,1
1,1,124,0,1,1968.0,0.7945205479452054,0,1.0,0.0,2045,218650.0,1
1,1,31,0,1,1991.0,0.6136986301369863,0,1.0,0.0,2048,94912.5,1
1,1,31,0,1,1991.0,0.7150684931506849,0,1.0,0.0,2049,120862.5,0
1,1,124,0,1,1975.0,0.6136986301369863,0,1.0,0.0,2050,181412.5,1
1,1,31,0,1,1974.0,1.2767123287671234,0,1.0,0.0,2053,245161.4,1
1,1,31,0,1,1966.0,0.684931506849315,0,1.0,0.0,2054,119662.5,1
1,1,31,0,1,1978.0,0.7041095890410959,0,0.0,1.0,2057,117812.5,1
1,1,124,0,1,1955.0,0.6082191780821918,0,1.0,0.0,2059,125425.0,1
1,1,124,0,1,1975.0,0.6054794520547945,0,1.0,0.0,2060,159912.5,1
1,1,31,0,1,1967.0,0.6082191780821918,0,1.0,0.0,2062,108712.5,1
1,1,22,0,2,1994.0,0.684931506849315,1,1.0,0.0,2063,228935.04,1
1,1,122,0,1,1978.0,0.5698630136986301,0,1.0,0.0,2065,82450.0,1
1,1,129,1,1,1997.0,1.367123287671233,0,1.0,0.0,2068,263012.56,0
0,1,31,0,1,1988.0,0.1945205479452054,0,1.0,0.0,2070,10823.45,1
1,1,124,0,1,1955.0,0.6986301369863014,0,1.0,0.0,2073,212025.0,1
1,1,24,0,1,1976.0,0.5945205479452055,0,1.0,0.0,2079,123922.16999999998,1
1,1,31,0,1,2003.0,0.4191780821917808,0,1.0,0.0,2080,49272.5,0
1,1,24,0,1,1986.0,0.4602739726027397,0,1.0,0.0,2085,58555.125,1
1,1,24,0,1,1977.0,0.6191780821917808,0,1.0,0.0,2086,105925.0,1
1,1,56,1,1,2002.0,1.336986301369863,0,1.0,0.0,2088,55610.125,0
1,3,31,1,1,2002.0,1.347945205479452,0,1.0,0.0,2089,193053.405,0
1,1,31,0,1,1972.0,0.1835616438356164,0,1.0,0.0,2093,3000.0,1
1,1,22,1,2,1989.0,1.336986301369863,1,1.0,0.0,2094,542743.72,0
1,1,31,0,1,1994.0,0.2164383561643835,0,1.0,0.0,2096,1500.0,1
1,3,31,1,1,2002.0,1.347945205479452,0,1.0,0.0,2097,234438.975,0
1,1,124,0,1,1980.857142857143,0.5972602739726027,0,1.0,0.0,2101,160162.5,0
1,1,31,0,1,1966.0,0.5780821917808219,0,1.0,0.0,2102,101512.5,1
1,1,31,0,1,1994.7142857142856,0.5726027397260274,0,1.0,0.0,2105,93562.5,0
1,1,31,0,1,1985.0,0.6575342465753424,0,1.0,0.0,2106,107762.5,0
1,1,78,0,2,1985.0,0.6767123287671233,0,1.0,0.0,2107,329589.6,0
1,1,83,0,2,1993.0,0.2958904109589041,0,1.0,0.0,2110,250844.99,0
1,1,33,0,2,1994.0,0.3205479452054794,0,1.0,0.0,2111,282351.67,0
1,1,22,0,2,1986.0,0.0821917808219178,0,1.0,0.0,2112,225546.305,0
1,1,124,0,1,1991.0,0.589041095890411,0,1.0,0.0,2116,179287.5,1
1,1,6,0,2,1982.0,0.9972602739726028,1,1.0,0.0,2119,1437060.01,1
1,1,31,0,1,1969.0,0.5534246575342465,0,1.0,0.0,2120,89125.0,1
1,1,43,0,1,1991.0,0.5643835616438356,0,1.0,0.0,2121,179149.515,1
1,1,124,0,1,2000.0,0.5726027397260274,0,1.0,0.0,2122,154037.5,0
1,1,31,0,1,1997.0,0.421917808219178,0,1.0,0.0,2123,64187.5,0
1,1,33,0,2,1950.0,0.5315068493150685,1,1.0,0.0,2124,416175.0,1
1,1,24,1,1,1987.0,1.3342465753424655,0,1.0,0.0,2126,235093.005,1
1,1,31,0,1,1999.0,0.1643835616438356,0,1.0,0.0,2127,19364.56,0
1,1,124,0,1,1958.0,0.5643835616438356,0,1.0,0.0,2132,168537.5,1
1,1,124,0,1,1973.0,0.5726027397260274,0,1.0,0.0,2133,159287.5,1
1,5,89,0,2,1994.0,0.0027397260273972,0,1.0,0.0,2134,443650.365,0
1,1,22,1,2,1993.0,1.3013698630136987,1,1.0,0.0,2135,655780.835,0
1,1,173,0,2,1995.0,0.3205479452054794,0,1.0,0.0,2136,301737.225,0
1,1,31,0,1,1977.0,0.6493150684931507,0,1.0,0.0,2137,135362.5,0
1,1,31,0,1,1974.0,0.2958904109589041,0,1.0,0.0,2138,84650.0,1
1,1,41,1,1,1968.0,1.3342465753424655,0,1.0,0.0,2140,108861.68,1
1,1,41,0,1,1979.0,0.5671232876712329,0,1.0,0.0,2142,75473.96,0
1,3,31,1,1,1996.0,1.295890410958904,0,1.0,0.0,2146,318037.3,0
1,1,1,0,1,1981.7142857142856,0.5397260273972603,0,1.0,0.0,2147,156800.0,0
1,4,1,0,1,1979.2857142857144,0.5561643835616439,0,1.0,0.0,2148,187800.0,0
1,3,31,0,1,1978.7142857142856,0.5315068493150685,0,1.0,0.0,2150,92625.0,0
1,1,31,0,1,1978.7142857142856,0.5424657534246575,0,1.0,0.0,2153,74287.5,0
1,1,30,1,1,1970.0,1.3150684931506849,0,1.0,0.0,2158,208945.9,1
1,1,43,0,1,1994.0,0.2931506849315068,0,1.0,0.0,2159,64450.0,1
1,1,31,0,1,1995.0,0.6712328767123288,0,1.0,0.0,2160,161912.5,0
1,1,7,0,2,2000.0,1.2712328767123289,0,1.0,0.0,2161,314766.55,0
1,1,158,0,2,1995.0,0.3835616438356164,0,1.0,0.0,2162,125150.0,0
0,1,17,0,2,1989.0,0.3780821917808219,0,1.0,0.0,2163,128364.165,1
1,1,158,0,2,1996.0,0.2767123287671232,0,1.0,0.0,2165,55946.995,0
1,1,195,1,1,1999.0,1.263013698630137,0,1.0,0.0,2166,221388.1,0
1,1,129,1,1,1966.0,1.3013698630136987,0,1.0,0.0,2168,239557.3,1
1,1,31,0,1,1981.0,0.2383561643835616,0,1.0,0.0,2193,49950.0,1
1,1,31,0,1,1970.0,0.0657534246575342,0,1.0,0.0,2195,22500.0,1
1,1,31,0,1,2001.0,0.4520547945205479,0,1.0,0.0,2196,57712.5,0
1,1,17,0,2,1998.0,0.084931506849315,0,1.0,0.0,2197,28380.54,0
1,1,31,0,1,1961.0,0.4794520547945205,0,1.0,0.0,2200,95775.0,1
1,1,31,0,1,1968.0,0.4931506849315068,0,1.0,0.0,2204,88875.0,1
1,1,24,0,2,1969.0,0.6273972602739726,0,1.0,0.0,2207,164314.16999999998,1
1,1,22,1,2,1996.0,1.2246575342465753,1,1.0,0.0,2208,532069.6749999999,0
1,1,22,1,2,1996.0,1.2246575342465753,1,1.0,0.0,2209,481361.69,0
0,1,178,1,2,1996.0,1.2219178082191782,0,1.0,0.0,2210,227489.64,0
0,1,178,0,2,1997.0,0.0767123287671232,0,1.0,0.0,2211,15266.78,0
1,1,31,0,1,1976.0,0.4684931506849315,0,1.0,0.0,2214,77287.5,1
1,1,31,0,1,1993.0,0.0493150684931506,0,1.0,0.0,2216,3500.0,0
1,1,31,0,1,1961.0,0.0520547945205479,0,1.0,0.0,2217,18000.0,1
0,3,45,1,3,1963.0,1.4164383561643836,0,1.0,0.0,2220,77526.67499999999,0
1,1,124,0,1,1982.0,0.4410958904109589,0,1.0,0.0,2221,138925.0,1
1,1,152,0,3,1987.0,0.4602739726027397,0,1.0,0.0,2225,635388.975,1
1,1,55,0,1,1974.0,0.3561643835616438,0,1.0,0.0,2228,114832.385,1
1,1,33,0,2,1981.0,0.0356164383561643,0,1.0,0.0,2229,33248.34,1
1,1,31,0,1,1974.0,0.5342465753424658,0,1.0,0.0,2230,86187.5,1
1,1,31,0,1,1998.0,0.4438356164383562,0,1.0,0.0,2231,63937.5,0
1,1,24,0,2,1964.0,0.8684931506849315,0,1.0,0.0,2233,209891.935,1
1,1,180,0,2,1983.0,0.0547945205479452,0,1.0,0.0,2236,56139.68,0
1,1,33,1,2,1995.0,1.1863013698630136,0,1.0,0.0,2238,549653.36,0
1,1,139,0,1,1958.0,0.5616438356164384,0,1.0,0.0,2246,63750.0,1
1,1,31,0,1,1998.0,0.4904109589041096,0,1.0,0.0,2247,58051.485,1
1,1,31,0,1,1972.0,0.0164383561643835,0,1.0,0.0,2250,24260.0,1
1,1,29,0,1,1979.2857142857144,0.7287671232876712,0,1.0,0.0,2254,122660.0,1
1,1,55,0,1,1983.0,0.3643835616438356,0,1.0,0.0,2255,98363.785,0
1,1,31,0,1,2003.0,0.073972602739726,0,1.0,0.0,2256,19800.0,0
1,1,31,0,1,2002.0,0.410958904109589,0,1.0,0.0,2257,46022.5,0
1,1,4,0,1,1981.0,0.010958904109589,0,1.0,0.0,2258,12564.69,1
1,1,31,0,1,1986.0,0.4986301369863014,0,1.0,0.0,2259,54170.0,1
1,1,31,0,1,1968.4285714285716,0.4328767123287671,0,1.0,0.0,2260,36955.0,1
1,1,55,0,1,1997.0,0.4986301369863014,0,1.0,0.0,2262,51075.0,1
1,1,31,0,1,1975.0,0.4328767123287671,0,1.0,0.0,2263,45355.0,1
1,1,55,0,1,1974.0,0.4493150684931506,0,1.0,0.0,2264,66495.0,1
1,4,31,0,1,1964.0,0.4465753424657534,0,1.0,0.0,2265,48540.0,1
1,1,31,1,1,1951.0,1.210958904109589,0,1.0,0.0,2267,404411.3,1
1,1,31,1,1,1996.0,1.180821917808219,0,1.0,0.0,2268,362057.3,0
1,1,134,0,1,1953.0,0.2821917808219178,0,1.0,0.0,2275,80350.0,1
1,1,30,0,1,1959.0,0.5178082191780822,0,1.0,0.0,2276,160925.0,1
0,1,70,0,2,2001.0,0.410958904109589,0,1.0,0.0,2277,17333.32,0
1,1,181,0,2,1996.0,0.3589041095890411,0,1.0,0.0,2278,45000.0,1
1,3,31,1,1,1982.0,1.1835616438356165,0,1.0,0.0,2279,54127.5,1
1,1,31,0,1,1990.4285714285716,0.2273972602739726,0,1.0,0.0,2291,54445.0,1
1,1,31,0,1,1990.0,0.3835616438356164,0,1.0,0.0,2296,53700.0,1
1,1,31,0,1,1969.0,0.3972602739726027,0,1.0,0.0,2297,79337.5,1
1,1,31,0,1,1960.0,0.3890410958904109,0,1.0,0.0,2299,61637.5,1
1,1,31,0,1,1952.0,0.4246575342465753,0,1.0,0.0,2300,70117.5,1
1,1,31,0,1,1981.0,0.1561643835616438,0,1.0,0.0,2301,16650.0,1
1,1,31,0,1,1991.0,0.4273972602739726,0,1.0,0.0,2302,82807.5,1
1,1,139,0,1,1997.0,0.4410958904109589,0,1.0,0.0,2310,45250.0,0
1,1,24,0,2,1992.0,0.0191780821917808,0,1.0,0.0,2314,139313.50999999998,1
1,1,1,0,1,1990.0,0.2328767123287671,0,1.0,0.0,2320,11250.0,1
1,1,31,0,1,1992.0,0.3917808219178082,0,1.0,0.0,2321,75620.0,1
1,1,53,0,1,2000.0,0.2657534246575342,0,1.0,0.0,2322,79809.435,1
1,1,31,0,1,1996.0,0.2,0,1.0,0.0,2324,25975.0,1
0,1,48,1,2,1993.0,1.1287671232876713,0,1.0,0.0,2325,249510.99,0
1,1,31,0,1,1973.0,0.3506849315068493,0,1.0,0.0,2327,53462.5,1
1,1,31,0,1,1994.0,0.1068493150684931,0,1.0,0.0,2328,10500.0,0
1,1,83,0,2,1995.0,1.0794520547945206,0,1.0,0.0,2329,574972.535,0
1,1,58,0,2,1962.0,0.547945205479452,0,1.0,0.0,2330,150900.0,1
1,1,31,0,1,1987.0,0.3452054794520548,0,1.0,0.0,2331,54550.0,1
0,1,31,1,1,1972.0,1.1424657534246576,0,1.0,0.0,2332,221112.2,1
1,1,31,0,1,1982.0,0.0958904109589041,0,1.0,0.0,2333,19475.0,1
1,1,31,0,1,1973.0,0.3452054794520548,0,1.0,0.0,2334,65750.0,1
1,1,31,0,1,1998.0,0.2136986301369863,0,1.0,0.0,2337,37375.0,1
1,1,8,1,2,1993.0,1.0904109589041096,0,1.0,0.0,2339,597724.17,0
1,1,31,0,1,1972.857142857143,0.4164383561643835,0,1.0,0.0,2341,65782.5,1
1,1,124,0,1,1976.0,0.3342465753424657,0,1.0,0.0,2342,92200.0,1
1,1,31,0,1,1995.0,0.3123287671232876,0,1.0,0.0,2343,42212.5,1
0,1,17,0,2,1993.0,0.3534246575342465,0,1.0,0.0,2346,117057.5,0
1,1,30,0,1,1996.0,0.2383561643835616,0,1.0,0.0,2348,50552.5,1
1,1,31,0,1,1998.0,0.0684931506849315,0,1.0,0.0,2350,1390.0,0
1,1,30,0,1,1985.0,0.2191780821917808,0,1.0,0.0,2360,52252.5,1
1,1,30,0,1,2001.0,0.2191780821917808,0,1.0,0.0,2361,50167.5,0
1,1,30,0,1,2001.0,0.2136986301369863,0,1.0,0.0,2364,49022.5,0
1,1,182,1,1,1991.0,1.0575342465753426,0,1.0,0.0,2368,52980.0,1
0,3,184,0,1,1988.571428571429,0.2630136986301369,0,1.0,0.0,2369,60960.0,0
1,1,169,0,1,1985.0,0.9287671232876712,0,1.0,0.0,2370,322164.97,0
1,1,31,0,1,1995.142857142857,0.2931506849315068,0,1.0,0.0,2372,50250.0,0
1,1,22,1,2,1970.0,1.0465753424657531,1,1.0,0.0,2376,372498.84,0
1,1,22,0,1,1989.0,0.1589041095890411,0,1.0,0.0,2379,58117.5,0
1,1,31,0,1,2006.0,0.4136986301369863,0,1.0,0.0,2380,71200.0,0
1,1,31,0,1,1971.0,0.3260273972602739,0,1.0,0.0,2381,26612.5,1
1,1,43,0,1,2000.0,0.4575342465753425,0,1.0,0.0,2382,106405.535,1
1,1,31,0,1,1982.0,0.2493150684931507,0,1.0,0.0,2383,35490.0,1
1,1,7,1,2,1964.0,1.0328767123287672,0,1.0,0.0,2384,357719.27,1
1,1,1,0,1,1993.0,0.3041095890410959,0,1.0,0.0,2386,95022.905,1
1,1,30,0,1,1991.0,0.9506849315068492,0,1.0,0.0,2387,314374.6,0
1,3,30,0,1,2000.0,0.0383561643835616,0,1.0,0.0,2388,13180.0,0
1,1,181,0,2,1999.0,0.2246575342465753,0,1.0,0.0,2389,14750.0,0
1,1,27,1,2,1998.0,1.0246575342465754,1,1.0,0.0,2393,241648.92,0
1,1,55,0,1,1966.0,0.1808219178082191,0,1.0,0.0,2394,55975.0,1
1,1,31,1,1,1989.0,1.0246575342465754,0,1.0,0.0,2396,210765.7,0
1,1,31,0,1,1970.0,0.1972602739726027,0,1.0,0.0,2397,29617.5,0
1,1,55,0,1,1996.0,0.2493150684931507,0,1.0,0.0,2398,60454.42,0
1,5,31,1,1,1996.0,1.0136986301369864,0,1.0,0.0,2399,7140.0,0
1,1,31,1,1,1980.857142857143,1.0136986301369864,0,1.0,0.0,2401,99432.5,1
1,1,124,0,1,1965.0,0.2356164383561644,0,1.0,0.0,2404,103425.0,1
1,1,186,1,2,1979.0,1.0684931506849316,0,1.0,0.0,2406,823069.17,1
1,1,31,0,1,1969.0,0.2328767123287671,0,1.0,0.0,2408,85225.0,1
1,1,95,1,1,1974.0,1.0328767123287672,0,1.0,0.0,2410,391824.595,1
1,1,55,1,1,1996.0,0.9945205479452056,0,1.0,0.0,2411,12000.0,0
1,1,33,1,2,1993.0,0.9945205479452056,0,1.0,0.0,2427,896166.66,0
1,1,187,1,2,1983.0,1.0,0,1.0,0.0,2428,1445163.33,1
1,1,22,1,2,1996.0,1.0,0,1.0,0.0,2430,696780.0,0
1,1,31,1,1,1995.0,0.9863013698630136,0,1.0,0.0,2431,39000.0,0
1,1,122,1,1,1970.0,1.0,0,1.0,0.0,2432,410100.0,1
0,1,125,0,1,1998.0,0.3205479452054794,0,1.0,0.0,2433,70500.0,0
1,1,31,0,1,1976.0,0.4438356164383562,0,1.0,0.0,2435,79070.0,1
1,1,55,1,1,1961.0,0.9863013698630136,0,1.0,0.0,2437,6194.07,0
1,1,31,1,1,1991.0,0.9753424657534246,0,1.0,0.0,2441,10980.0,1
1,1,70,0,2,1999.0,0.536986301369863,0,1.0,0.0,2446,91666.61,0
1,1,31,1,1,1988.0,0.9671232876712328,0,1.0,0.0,2447,53882.5,1
1,1,31,1,1,2001.0,0.9726027397260274,0,1.0,0.0,2451,36720.0,0
1,1,31,0,1,2001.0,0.1041095890410958,0,1.0,0.0,2452,64010.0,0
1,1,139,1,1,1999.0,0.9945205479452056,0,1.0,0.0,2453,528064.5,0
1,1,189,1,1,1990.0,1.0,0,1.0,0.0,2454,530864.5,1
1,1,189,1,1,1989.0,1.0,0,1.0,0.0,2455,578598.5,0
1,1,56,0,1,2002.0,0.0684931506849315,0,1.0,0.0,2457,86384.7175,0
1,1,31,0,1,1971.0,0.2164383561643835,0,1.0,0.0,2459,69850.0,0
1,1,31,0,1,1963.0,0.0958904109589041,0,1.0,0.0,2460,28500.0,1
1,1,22,1,2,1986.0,1.0,1,1.0,0.0,2461,392537.485,0
1,1,80,0,1,1996.0,0.1780821917808219,0,1.0,0.0,2462,67850.0,0
1,1,31,1,1,1962.0,0.9452054794520548,0,1.0,0.0,2466,85858.3,1
1,1,31,1,1,2001.0,0.9726027397260274,0,1.0,0.0,2467,163833.4,0
1,1,31,1,1,1994.0,0.9342465753424658,0,1.0,0.0,2468,710184.6,0
1,1,31,0,1,1973.0,0.2027397260273972,0,1.0,0.0,2469,57550.0,1
1,1,31,0,1,1981.0,0.0876712328767123,0,1.0,0.0,2470,15000.0,1
1,1,31,1,1,1958.0,0.936986301369863,0,1.0,0.0,2473,132728.3,1
1,1,31,0,1,1975.0,0.2,0,1.0,0.0,2474,48430.0,1
1,1,31,0,1,1990.0,0.1397260273972602,0,1.0,0.0,2476,55190.0,1
1,1,31,1,1,1985.0,0.9287671232876712,0,1.0,0.0,2477,332022.0,1
1,1,122,1,1,1955.0,0.9643835616438357,0,1.0,0.0,2478,607200.0,0
1,1,31,0,1,1994.0,0.2082191780821917,0,1.0,0.0,2480,96690.0,1
1,1,26,0,1,1990.0,0.1890410958904109,0,1.0,0.0,2481,49691.98,1
1,1,55,0,1,1999.0,0.2027397260273972,0,1.0,0.0,2482,92960.0,0
1,1,31,0,1,1970.0,0.1726027397260274,0,1.0,0.0,2483,78040.0,1
0,1,195,1,1,1998.0,1.0,0,1.0,0.0,2484,159208.0,1
0,1,195,1,1,1996.0,0.9917808219178084,0,1.0,0.0,2485,173791.9,0
1,1,31,0,1,2001.0,0.2712328767123287,0,1.0,0.0,2486,108700.0,0
1,1,31,0,1,1964.0,0.1643835616438356,0,1.0,0.0,2487,62350.0,1
1,1,31,0,1,1998.142857142857,0.0054794520547945,0,1.0,0.0,2488,2500.0,0
1,1,31,0,1,1991.0,0.3506849315068493,0,1.0,0.0,2489,129020.0,1
1,3,124,0,1,2001.0,0.0246575342465753,0,1.0,0.0,2490,18400.0,0
1,3,31,1,1,1994.0,0.9123287671232876,0,1.0,0.0,2491,396785.0,0
1,1,124,0,1,1997.0,0.0,0,1.0,0.0,2493,2000.0,0
1,1,31,0,1,1973.0,0.1424657534246575,0,1.0,0.0,2495,62755.0,1
1,1,123,0,1,1973.0,0.1835616438356164,0,1.0,0.0,2496,137539.49,1
1,1,31,0,1,1981.0,0.0465753424657534,0,1.0,0.0,2498,20250.0,1
1,1,31,0,1,1977.0,0.1616438356164383,0,1.0,0.0,2499,77585.0,1
1,1,31,0,1,2002.0,0.2191780821917808,0,1.0,0.0,2500,64475.0,1
1,1,4,0,1,1973.0,0.1424657534246575,0,1.0,0.0,2503,107713.83,1
1,1,190,1,3,1980.0,0.8986301369863013,0,1.0,0.0,2504,1134116.25,1
1,1,158,1,2,1996.0,0.8958904109589041,0,1.0,0.0,2505,442187.0,0
1,1,33,1,2,1968.0,0.8958904109589041,0,1.0,0.0,2506,1218679.0,1
1,1,31,0,1,2000.0,0.1342465753424657,0,1.0,0.0,2507,47775.0,0
1,1,55,0,1,1995.0,0.0191780821917808,0,1.0,0.0,2508,12500.0,0
1,1,43,0,1,1995.0,0.2301369863013698,0,1.0,0.0,2509,108925.0,0
1,1,31,1,1,1986.0,0.8958904109589041,0,1.0,0.0,2511,187261.15,1
1,1,31,0,1,2001.0,0.1452054794520547,0,1.0,0.0,2512,67335.0,0
1,1,31,0,1,1960.0,0.1424657534246575,0,1.0,0.0,2513,56325.0,1
1,1,31,0,1,1968.0,0.1232876712328767,0,1.0,0.0,2514,55535.0,1
1,1,31,0,1,1980.0,0.147945205479452,0,1.0,0.0,2515,65225.0,0
1,1,31,0,1,1972.0,0.0794520547945205,0,1.0,0.0,2516,18920.0,0
1,1,31,0,1,1997.0,0.136986301369863,0,1.0,0.0,2517,19250.0,0
1,1,31,0,1,1976.0,0.136986301369863,0,1.0,0.0,2518,20420.0,0
1,1,31,1,1,1970.0,0.8794520547945206,0,1.0,0.0,2520,139397.95,0
1,1,31,0,1,1975.142857142857,0.1726027397260274,0,1.0,0.0,2522,76460.0,1
1,1,31,0,1,1993.0,0.3342465753424657,0,1.0,0.0,2523,121430.0,1
1,1,31,0,1,1951.0,0.0520547945205479,0,1.0,0.0,2524,22560.0,1
1,1,31,0,1,1979.0,0.0876712328767123,0,1.0,0.0,2529,31475.0,1
1,1,29,0,1,1963.0,0.3726027397260274,0,1.0,0.0,2530,127185.0,1
1,1,163,1,3,1970.0,0.8767123287671232,0,1.0,0.0,2531,501676.875,1
1,1,33,0,2,1994.0,0.2575342465753424,0,1.0,0.0,2533,385628.0,0
1,1,31,0,1,1980.0,0.0904109589041095,0,1.0,0.0,2535,37675.0,1
1,1,31,0,1,1989.0,0.0054794520547945,0,1.0,0.0,2538,3000.0,1
1,1,31,1,1,1999.0,0.8383561643835616,0,1.0,0.0,2540,7405.0,0
1,1,31,0,1,1968.0,0.1013698630136986,0,1.0,0.0,2541,44325.0,1
1,1,31,0,1,1956.0,0.1452054794520547,0,1.0,0.0,2542,30375.0,1
1,1,31,0,1,1966.0,0.1452054794520547,0,1.0,0.0,2543,35985.0,1
1,1,31,0,1,1995.0,0.2082191780821917,0,1.0,0.0,2544,51315.0,0
1,1,31,0,1,2002.0,0.1534246575342465,0,1.0,0.0,2545,44575.0,0
1,1,31,1,1,2002.0,0.8301369863013699,0,1.0,0.0,2546,290946.8,0
1,1,31,0,1,2003.0,0.0054794520547945,0,1.0,0.0,2548,4400.0,0
1,1,31,0,1,1994.0,0.0,0,1.0,0.0,2550,2600.0,1
1,1,31,1,1,1994.0,0.8191780821917808,0,1.0,0.0,2551,350391.8,0
1,1,56,1,1,1996.0,0.8328767123287671,0,1.0,0.0,2552,36227.21,0
1,1,31,0,1,1988.0,0.0465753424657534,0,1.0,0.0,2553,16100.0,0
1,1,53,0,1,1999.0,0.0821917808219178,0,1.0,0.0,2554,80422.44,0
1,1,69,1,2,2001.0,0.8383561643835616,1,1.0,0.0,2555,229159.165,0
1,1,31,0,1,1980.0,0.0356164383561643,0,1.0,0.0,2557,11500.0,1
1,5,31,0,1,1982.0,0.0630136986301369,0,1.0,0.0,2558,19500.0,1
1,1,55,0,1,1972.0,0.2712328767123287,0,1.0,0.0,2559,120291.58,1
1,1,31,0,1,1990.0,0.0602739726027397,0,1.0,0.0,2560,29555.0,1
1,1,31,1,1,1972.0,0.8027397260273973,0,1.0,0.0,2561,249633.6,1
0,1,8,0,2,1983.0,0.2904109589041095,0,1.0,0.0,2562,381554.0,0
1,1,31,1,1,1998.0,0.8082191780821918,0,1.0,0.0,2563,47713.2425,1
1,1,31,1,1,1986.0,0.810958904109589,0,1.0,0.0,2564,187261.15,0
1,1,191,0,2,1994.0,0.3643835616438356,0,1.0,0.0,2565,181072.66,0
1,1,31,1,1,1999.0,0.8383561643835616,0,1.0,0.0,2566,26227.5,0
1,1,31,1,1,1996.0,0.8328767123287671,0,1.0,0.0,2567,194016.15,1
0,1,30,0,1,1998.0,0.147945205479452,0,1.0,0.0,2568,37525.0,0
1,1,22,1,2,1991.0,0.8136986301369863,1,1.0,0.0,2569,592322.0,0
1,1,31,0,1,1995.0,0.0273972602739726,0,1.0,0.0,2570,7800.0,1
1,1,192,1,2,1995.0,0.7835616438356164,0,1.0,0.0,2572,540734.8,1
1,1,7,1,2,2000.0,0.7835616438356164,0,1.0,0.0,2573,499140.13,0
1,1,33,1,2,1995.0,0.7835616438356164,0,1.0,0.0,2574,723168.3200000001,0
1,5,6,0,2,1964.0,0.0356164383561643,0,1.0,0.0,2575,146990.0,1
1,1,4,1,1,1975.0,0.7890410958904109,0,1.0,0.0,2576,21378.565,1
1,1,4,1,1,1990.0,0.7890410958904109,0,1.0,0.0,2577,37305.0,1
1,1,4,1,1,1974.0,0.7890410958904109,0,1.0,0.0,2578,21378.565,1
1,1,4,1,1,1987.0,0.7890410958904109,0,1.0,0.0,2579,499783.095,1
1,1,4,1,1,1995.0,0.7890410958904109,0,1.0,0.0,2580,95461.05,1
1,1,4,1,1,1987.0,0.7890410958904109,0,1.0,0.0,2581,499783.095,1
1,1,4,1,1,1972.0,0.7890410958904109,0,1.0,0.0,2582,45674.1425,1
1,1,31,1,1,1998.0,0.8027397260273973,0,1.0,0.0,2586,12190.0,0
1,1,31,0,1,2002.0,0.4493150684931506,0,1.0,0.0,2588,217645.0,0
1,5,22,0,2,1997.0,0.4027397260273972,0,1.0,0.0,2592,194755.0,1
1,1,8,0,2,1997.0,0.0410958904109589,0,1.0,0.0,2593,32847.33,0
1,3,8,1,2,1997.0,0.7068493150684931,0,1.0,0.0,2594,567629.9,0
1,1,22,1,2,1994.0,0.7041095890410959,0,1.0,0.0,2597,254315.0,0
1,1,4,1,1,1987.0,0.6931506849315069,0,0.0,1.0,2598,499783.095,1
1,1,124,1,1,1968.0,0.6876712328767123,0,1.0,0.0,2599,153237.5,1
1,1,56,0,1,1986.0,0.021917808219178,0,1.0,0.0,2600,200994.3925,1
1,1,90,0,2,1987.0,0.3315068493150685,0,1.0,0.0,2601,287197.27,1
1,1,31,1,1,1965.0,0.684931506849315,0,1.0,0.0,2602,110043.75,1
1,1,31,1,1,1980.0,0.6821917808219178,0,1.0,0.0,2603,65832.5,1
1,1,78,0,2,1989.0,0.3808219178082191,0,1.0,0.0,2604,297471.66000000003,1
1,1,1,1,1,1991.0,0.6712328767123288,0,1.0,0.0,2606,63360.0,1
1,1,31,1,1,1980.0,0.663013698630137,0,1.0,0.0,2607,34440.0,1
1,1,31,1,1,1998.0,0.6054794520547945,0,1.0,0.0,2614,280.0,0
1,1,31,1,1,1998.0,0.6054794520547945,0,1.0,0.0,2615,12190.0,0
1,1,31,1,1,1998.0,0.6054794520547945,0,1.0,0.0,2616,12190.0,0
1,1,31,1,1,1998.0,0.6054794520547945,0,1.0,0.0,2617,24100.0,0
1,1,24,1,1,1978.7142857142856,0.5342465753424658,0,1.0,0.0,2637,291125.0,1
1,1,104,0,3,1965.0,0.3095890410958904,0,1.0,0.0,2642,463231.25,1
1,1,54,1,1,1986.0,0.4520547945205479,1,1.0,0.0,2643,303625.0,1
0,1,143,1,2,1996.0,0.3506849315068493,0,1.0,0.0,2701,130716.66,0
1,1,31,1,1,1980.0,0.3424657534246575,0,1.0,0.0,2705,97225.0,1
0,1,33,1,2,1989.0,0.3342465753424657,0,1.0,0.0,2709,351189.05,1
1,1,38,1,2,1965.0,0.3342465753424657,0,1.0,0.0,2715,46191.67,1
1,1,8,1,2,1988.0,0.2657534246575342,0,1.0,0.0,2734,135412.5,0
1,1,78,1,2,1984.0,0.2630136986301369,0,1.0,0.0,2737,160458.34,1
1,1,198,1,2,1981.0,0.2383561643835616,0,1.0,0.0,2771,797522.5700000001,1
1,1,111,1,2,1996.0,0.1863013698630137,0,1.0,0.0,2831,63416.67,0
0,1,17,0,2,1993.0,0.1397260273972602,0,1.0,0.0,2836,74350.0,0
1,1,8,1,2,1994.0,0.1123287671232876,0,1.0,0.0,2890,96283.34,0
1,1,201,1,2,1997.0,0.073972602739726,0,1.0,0.0,2972,54481.67,0
1,1,8,1,2,1990.0,0.0657534246575342,0,1.0,0.0,2973,71108.33499999999,0
1,1,104,1,3,1979.0,0.0328767123287671,0,1.0,0.0,3041,27841.66,1
