,Employee_No,Gender,Religion_ID,Designation_ID,Status,Employment_Category,Year_of_Birth,ages_in_the_company,reported,Employment_Type_Contarct Basis,Employment_Type_Permanant,Net Salary,Marital_Status
0,347,1,1,24,1,2,0.31666666666667,0.8697361953137802,0,0.0,1.0,0.13865777058404286,1
1,348,1,1,24,1,2,0.45000000000000284,0.8319678846468951,0,0.0,1.0,0.23957045138244953,1
2,349,1,1,23,0,2,0.46666666666666856,1.0,0,0.0,1.0,0.18911411098324618,1
3,351,0,4,40,0,2,0.46666666666666856,0.6683598230378502,0,0.0,1.0,0.06511406379967102,1
4,352,1,1,7,1,2,0.56666666666667,0.6562346387022776,0,0.0,1.0,0.13461107278784384,1
5,353,1,1,22,0,2,0.2666666666666728,0.576273963624447,0,0.0,1.0,0.32436625862743834,1
6,354,1,1,22,1,2,0.38333333333333286,0.5728330329346224,1,0.0,1.0,0.2702015006118607,1
7,355,1,1,126,1,2,0.5833333333333357,0.5648041946583647,0,0.0,1.0,0.6711896109497828,1
8,356,0,1,23,1,2,0.46666666666666856,0.5262166147796166,0,0.0,1.0,0.22650727681506266,0
9,359,1,1,41,0,2,0.3500000000000014,0.4664099623136163,0,0.0,1.0,0.04491640866350088,1
10,360,1,1,42,0,3,0.5,0.43937407832213665,0,0.0,1.0,0.055015236231585954,1
11,361,1,3,7,1,2,0.6666666666666714,0.4837784696051122,0,0.0,1.0,0.23223252743432266,0
12,363,1,1,24,0,2,0.4833333333333343,0.41881042110437494,0,0.0,1.0,0.17992834381039258,1
13,365,1,1,43,0,2,0.6333333333333329,0.45297394723906276,0,0.0,1.0,0.21071124369922656,1
14,366,1,1,44,0,2,0.45000000000000284,0.4227429133213174,0,0.0,1.0,0.055015236231585954,1
15,371,0,1,45,0,3,0.28333333333333854,0.32148123873504836,0,1.0,0.0,0.0896920181603034,0
16,372,1,1,46,0,2,0.5833333333333357,0.3712928068163198,0,1.0,0.0,0.21071124369922656,1
17,373,1,1,35,1,2,0.7333333333333343,0.3645747992790431,0,1.0,0.0,0.21322969088213745,1
18,376,1,1,7,1,2,0.25,0.35236768802228413,0,1.0,0.0,0.2258366931370357,1
19,377,1,5,48,1,2,0.6000000000000014,0.33401605767655257,1,1.0,0.0,0.20322432978679275,0
20,378,1,1,33,0,2,0.31666666666667,0.3325413730951991,0,1.0,0.0,0.10892900582868657,1
21,379,1,1,27,0,2,0.75,0.3272161232180895,0,1.0,0.0,0.1986975517586653,0
22,380,1,1,24,1,2,0.5333333333333385,0.3268884155333443,0,1.0,0.0,0.1333494108057225,1
23,381,1,5,22,1,2,0.6000000000000014,0.3229559233164018,1,1.0,0.0,0.24241337869468466,1
24,383,1,1,24,1,2,0.8000000000000043,0.3176306734392922,0,1.0,0.0,0.1818959795378081,1
25,384,1,1,8,1,2,0.7166666666666686,0.31640176962149763,0,1.0,0.0,0.26471701840479855,1
26,385,1,1,49,1,2,0.6666666666666714,0.31386203506472227,0,1.0,0.0,0.21819815761166036,1
27,388,1,1,22,0,2,0.7166666666666686,0.3028019007045715,0,1.0,0.0,0.0958375130041438,1
28,389,1,1,24,1,2,0.8000000000000043,0.3006718007537277,0,1.0,0.0,0.1079258239937026,1
29,391,1,1,37,0,2,0.23333333333333428,0.29731279698508933,0,1.0,0.0,0.069314319367349,1
30,392,1,5,22,1,2,0.7166666666666686,0.2963296739308537,1,1.0,0.0,0.1634211309136136,1
31,393,1,5,6,1,2,0.31666666666667,0.2918236932656071,1,1.0,0.0,0.5740753845080228,1
32,394,1,1,46,0,2,0.7833333333333385,0.25356382107160413,0,1.0,0.0,0.07350242831381365,1
33,396,1,1,67,1,2,0.7833333333333385,0.2801900704571522,0,1.0,0.0,0.11879476190070702,0
34,399,1,3,27,0,2,0.7166666666666686,0.22710142552842866,0,1.0,0.0,0.04630988212382901,1
35,400,1,3,27,1,2,0.7000000000000028,0.26740947075208915,0,1.0,0.0,0.2154991239795225,0
36,401,1,1,7,1,2,0.4333333333333371,0.2647878092741275,0,1.0,0.0,0.17438689822060252,1
37,402,1,1,24,0,2,0.81666666666667,0.2650335900376864,0,1.0,0.0,0.12854462880382475,0
38,403,1,1,43,0,2,0.7666666666666728,0.2592987055546453,0,1.0,0.0,0.05899332387007118,1
39,404,1,1,36,1,2,0.6833333333333371,0.2566770440766836,1,1.0,0.0,0.3420971750168094,0
40,405,1,1,27,0,2,0.6785714285714306,0.2562674094707521,0,1.0,0.0,0.13090450305167575,0
41,407,1,3,8,0,2,0.7333333333333343,0.24807471735212192,0,1.0,0.0,0.26259284014394413,0
42,408,1,1,8,1,2,0.7333333333333343,0.24692774045551372,0,1.0,0.0,0.2604686618830897,0
43,410,1,1,52,0,2,0.81666666666667,0.188923480255612,0,1.0,0.0,0.06493018003547316,0
44,411,1,1,24,1,2,0.778571428571432,0.2298050139275766,0,1.0,0.0,0.16590685069460293,1
45,413,1,1,35,0,2,0.8500000000000014,0.2295592331640177,0,1.0,0.0,0.026569620881381314,0
46,414,1,3,54,0,2,0.6500000000000057,0.1969523185318696,0,1.0,0.0,0.1697131642086404,0
47,415,1,4,36,0,2,0.6000000000000014,0.1840078649844339,0,1.0,0.0,0.04460716012518545,0
48,416,1,3,27,0,2,0.6666666666666714,0.17401278059970507,0,1.0,0.0,0.13090450305167575,1
49,419,1,1,22,0,2,0.7000000000000028,0.17262002293953793,0,1.0,0.0,0.2575225479380626,1
50,420,1,1,24,1,2,0.81666666666667,0.2194822218581026,0,1.0,0.0,0.14916343361394688,1
51,421,1,1,24,0,2,0.8500000000000014,0.19932819924627235,0,1.0,0.0,0.11672727383693353,0
52,422,0,1,8,0,2,0.5833333333333357,0.15656234638702277,0,1.0,0.0,0.2532133091914842,1
53,423,1,1,57,1,2,0.6833333333333371,0.19867278387678192,0,1.0,0.0,0.17439508424640943,0
54,424,1,1,24,0,2,0.7000000000000028,0.1975258069801737,0,1.0,0.0,0.02825389509467399,0
55,425,1,1,38,0,2,0.31666666666667,0.18081271505816812,0,1.0,0.0,0.1344676276571059,1
56,426,1,1,58,0,2,0.2666666666666728,0.039324922169424875,0,1.0,0.0,0.056208283284191855,1
57,427,0,1,48,1,2,0.56666666666667,0.1883499918073079,0,1.0,0.0,0.30883151624993765,1
58,431,1,1,62,1,1,0.016666666666672825,0.11969523185318696,0,1.0,0.0,0.13305090597892225,1
59,433,1,1,63,0,2,0.7833333333333385,0.17663444207766674,0,1.0,0.0,0.11850992112805889,1
60,434,1,1,64,0,2,0.4333333333333371,0.13722759298705556,0,1.0,0.0,0.2429353684679454,1
61,435,1,1,22,1,2,0.7000000000000028,0.18089464197935443,1,1.0,0.0,0.25727690155158256,0
62,436,1,3,27,1,2,0.5833333333333357,0.18089464197935443,0,1.0,0.0,0.2439632073952352,1
63,437,1,1,8,0,2,0.75,0.14984433884974604,0,1.0,0.0,0.1963604891088148,1
64,438,1,1,59,1,2,0.75,0.17827298050139279,0,1.0,0.0,0.24754513409229204,0
65,440,1,1,113,1,2,0.5833333333333357,0.17876454202851058,0,1.0,0.0,0.2315801935118762,0
66,443,0,1,59,0,2,0.7166666666666686,0.13624446993281994,0,1.0,0.0,0.21097010916935074,0
67,444,1,1,6,0,2,0.3333333333333357,0.1757332459446174,0,1.0,0.0,0.2985146459752247,1
68,446,1,1,31,0,1,0.15000000000000568,0.0721776175651319,0,1.0,0.0,0.03636203555430791,1
69,448,1,1,31,0,1,0.3333333333333357,0.05808618712108799,0,1.0,0.0,0.02156157682860433,1
70,450,1,1,31,0,1,0.5,0.010404718990660332,0,1.0,0.0,0.017719083514119206,1
71,451,1,1,22,0,3,0.6500000000000057,0.1746681959691955,0,1.0,0.0,0.25216239383119987,0
72,453,1,1,7,1,2,0.25,0.17286580370309684,0,1.0,0.0,0.23498936428628672,1
73,455,1,3,49,0,2,0.769047619047619,0.14664918892348025,1,1.0,0.0,0.08602107827443758,0
74,456,1,1,30,0,1,0.46190476190476915,0.11969523185318696,0,1.0,0.0,0.026257554594165292,1
75,457,1,1,31,0,1,0.3500000000000014,0.07733901359986892,0,1.0,0.0,0.03897149531093777,1
76,460,1,1,30,0,1,0.15000000000000568,0.08487629034900869,0,1.0,0.0,0.025691404182122957,1
77,461,1,1,1,0,1,0.519047619047619,0.11969523185318696,0,1.0,0.0,0.02172078799214087,1
78,466,1,1,31,0,1,0.5,0.10208094379813207,0,1.0,0.0,0.06856468244359987,1
79,468,1,3,31,1,1,0.49761904761905384,0.11969523185318696,0,1.0,0.0,0.13569457955370154,1
80,471,1,1,1,0,1,0.7666666666666728,0.027281664755038508,0,1.0,0.0,0.09341292119581131,0
81,475,1,1,31,0,1,0.21666666666666856,0.05710306406685237,0,1.0,0.0,0.012443140970610377,1
82,476,1,5,22,0,2,0.6500000000000057,0.1391938390955268,0,1.0,0.0,0.11336936175632518,1
83,478,0,1,70,0,2,0.7666666666666728,0.16852367688022285,0,1.0,0.0,0.143581828541096,1
84,480,1,3,69,0,2,0.7166666666666686,0.16426347697853516,0,1.0,0.0,0.143581828541096,0
85,481,0,1,59,1,2,0.6333333333333329,0.1668032115353105,0,1.0,0.0,0.16503124417087145,0
86,482,1,1,22,0,2,0.6666666666666714,0.11748320498115682,1,1.0,0.0,0.21674179299794935,1
87,486,1,1,1,0,1,0.6166666666666671,0.037440602982139935,0,1.0,0.0,0.06315555891479792,1
88,487,1,1,124,1,1,0.7666666666666728,0.11969523185318696,0,1.0,0.0,0.25865202743439536,1
89,490,1,3,31,0,1,0.81666666666667,0.11969523185318696,0,1.0,0.0,0.05153813050940145,0
90,495,1,1,29,1,1,0.18333333333333712,0.11969523185318696,0,1.0,0.0,0.13732281372789418,1
91,496,1,1,22,1,2,0.7000000000000028,0.16467311158446665,1,1.0,0.0,0.2577681943245426,1
92,501,1,1,31,0,1,0.20000000000000284,0.026872030149106996,0,1.0,0.0,0.050805754385331685,1
93,504,1,3,31,0,1,0.75,0.06480419465836473,0,1.0,0.0,0.02131783319804997,1
94,505,1,1,37,0,2,0.21666666666666856,0.11486154350319515,0,1.0,0.0,0.012855877958174972,1
95,508,1,1,24,0,2,0.6785714285714306,0.15893822710142552,0,1.0,0.0,0.13765089060274563,0
96,509,0,3,8,0,2,0.7833333333333385,0.15844666557430773,0,1.0,0.0,0.22021876272378557,1
97,510,1,3,8,0,2,0.75,0.13182041618875961,0,1.0,0.0,0.1233318744583543,0
98,512,1,1,24,0,2,0.8000000000000043,0.1570539079141406,0,1.0,0.0,0.1575351421542749,0
99,514,0,1,65,0,2,0.8000000000000043,0.09618220547271833,0,1.0,0.0,0.1679885658851285,0
100,515,1,1,8,0,2,0.7666666666666728,0.15041782729805014,0,1.0,0.0,0.2567330700490158,0
101,516,1,1,72,1,2,0.7333333333333343,0.14845158118957888,0,1.0,0.0,0.16836889518148498,0
102,517,0,1,8,1,2,0.7833333333333385,0.14845158118957888,0,1.0,0.0,0.31710565098921684,0
103,520,1,1,1,0,1,0.519047619047619,0.11969523185318696,0,1.0,0.0,0.015552477971448694,1
104,521,1,1,1,0,1,0.5690476190476232,0.057266917909224974,0,1.0,0.0,0.022041596220061188,1
105,523,0,1,31,1,1,0.4000000000000057,0.11969523185318696,0,1.0,0.0,0.008665591877187205,1
106,532,1,1,1,0,1,0.8000000000000043,0.11903981648369655,0,1.0,0.0,0.006115350179585922,1
107,534,1,3,31,0,1,0.8500000000000014,0.09069310175323611,0,1.0,0.0,0.013379845643238046,0
108,536,1,5,69,0,2,0.8500000000000014,0.14582991971161724,0,1.0,0.0,0.1305375443436672,0
109,537,1,1,107,1,2,0.75,0.14533835818449944,1,1.0,0.0,0.30891543076863603,0
110,538,1,5,27,0,2,0.8000000000000043,0.14083237751925284,0,1.0,0.0,0.09527362561905509,0
111,539,1,1,43,0,2,0.7833333333333385,0.14066852367688024,0,1.0,0.0,0.04680595385618612,0
112,540,0,1,88,0,2,0.81666666666667,0.09724725544814027,0,1.0,0.0,0.2087249609637394,0
113,541,0,1,111,0,2,0.8000000000000043,0.09560871702441423,0,1.0,0.0,0.03321333118949008,0
114,545,1,1,89,1,2,0.7333333333333343,0.11060134360150746,0,1.0,0.0,0.43687154372587633,0
115,546,1,1,97,0,3,0.5333333333333385,0.10691463214812388,0,1.0,0.0,0.09999459688894133,1
116,549,1,1,101,0,2,0.9166666666666714,0.014501065049975424,0,1.0,0.0,0.025649674776304678,0
117,550,1,1,24,0,2,0.45000000000000284,0.09970506308372933,0,1.0,0.0,0.2737701187539916,1
118,551,0,1,175,1,2,0.6333333333333329,0.09626413239390465,0,1.0,0.0,0.17967223644164781,0
119,553,1,1,17,0,2,0.8333333333333357,0.09536293626085532,0,1.0,0.0,0.016795677852814068,0
120,554,1,1,78,0,2,0.7666666666666728,0.13329510077011306,0,1.0,0.0,0.08702851536358264,0
121,556,1,1,193,0,3,0.7857142857142847,0.11117483204981157,0,1.0,0.0,0.17208249258859867,1
122,557,1,1,127,1,3,0.4333333333333371,0.12469277404555137,0,1.0,0.0,0.09324995223844038,1
123,558,1,1,110,1,3,0.595238095238102,0.12469277404555137,0,1.0,0.0,0.22537419460845054,1
124,560,1,1,79,0,2,0.81666666666667,0.12084220874979518,0,1.0,0.0,0.15323747264090481,0
125,561,0,1,84,0,2,0.7666666666666728,0.11805669342946093,0,1.0,0.0,0.24667490658202068,1
126,562,1,1,88,0,2,0.8666666666666671,0.05202359495330166,0,1.0,0.0,0.21156754589920299,0
127,563,1,1,88,0,2,0.8500000000000014,0.11404227429133214,0,1.0,0.0,0.2087249609637394,0
128,565,1,1,113,0,2,0.81666666666667,0.07021137145666066,0,1.0,0.0,0.03629909548995764,0
129,569,1,1,45,0,3,0.3333333333333357,0.06881861379649352,1,1.0,0.0,0.0368605814658436,1
130,570,1,4,98,0,2,0.6500000000000057,0.10642307062100606,0,1.0,0.0,0.07503155455271265,0
131,572,0,1,84,0,2,0.7333333333333343,0.046944125839750946,0,1.0,0.0,0.24667490658202068,1
132,573,1,1,24,0,2,0.7666666666666728,0.051941668032115355,0,1.0,0.0,0.297651350699865,0
133,574,0,1,104,0,2,0.6166666666666671,0.0947894478125512,0,1.0,0.0,0.11616003664705526,1
134,576,0,1,143,0,2,0.8833333333333329,0.07234147140750452,0,1.0,0.0,0.15704504233173844,0
135,582,1,1,22,1,2,0.31666666666667,0.7024414222513519,1,0.0,1.0,0.378531016643016,1
136,583,1,1,7,1,2,0.5833333333333357,0.576273963624447,0,0.0,1.0,0.30874194714623127,1
137,584,1,1,36,1,2,0.7000000000000028,0.10158938227101426,1,1.0,0.0,0.2983470591067639,1
138,585,1,1,8,0,2,0.7333333333333343,0.10199901687694576,0,1.0,0.0,0.2895955068009018,1
139,586,1,1,22,0,2,0.6523809523809518,0.10232672456169097,0,1.0,0.0,0.21674179299794935,1
140,589,1,1,36,0,2,0.25,0.10232672456169097,0,1.0,0.0,0.10822728853050388,1
141,590,1,5,22,0,2,0.6380952380952394,0.10232672456169097,0,1.0,0.0,0.09498275806086683,0
142,591,1,1,22,0,2,0.81666666666667,0.10232672456169097,0,1.0,0.0,0.24166106479018493,0
143,592,1,1,22,0,2,0.75,0.10117974766508275,0,1.0,0.0,0.142285971828032,0
144,594,1,1,22,0,2,0.7666666666666728,0.10224479764050468,0,1.0,0.0,0.142285971828032,0
145,595,1,1,27,0,2,0.7833333333333385,0.10232672456169097,0,1.0,0.0,0.05712860636160235,1
146,596,1,1,22,1,2,0.75,0.10060625921677864,1,1.0,0.0,0.13519719080407677,0
147,597,0,1,157,1,2,0.7000000000000028,0.09233164017696216,0,1.0,0.0,0.29084489213021364,0
148,599,1,1,22,0,2,0.25,0.08880878256595116,0,1.0,0.0,0.06667238272838646,1
149,601,0,1,48,0,2,0.8333333333333357,0.054809110273635914,1,1.0,0.0,0.04256108790741682,0
150,603,1,3,22,0,2,0.7833333333333385,0.08938227101425529,0,1.0,0.0,0.22399459516154913,0
151,604,1,1,33,0,2,0.5833333333333357,0.04620678354907423,1,1.0,0.0,0.03774256550253976,1
152,605,1,1,6,0,2,0.6333333333333329,0.09224971325577586,1,1.0,0.0,0.3242822164630446,1
153,606,1,1,7,1,2,0.8333333333333357,0.09208585941340325,0,1.0,0.0,0.1814371731907841,1
154,607,0,1,89,0,2,0.7833333333333385,0.04227429133213174,0,1.0,0.0,0.08364158953572139,0
155,608,1,3,22,0,2,0.8000000000000043,0.03768638374569883,0,1.0,0.0,0.11516505753918412,0
156,609,0,1,84,0,2,0.6666666666666714,0.0902834671473046,0,1.0,0.0,0.1320312697787452,1
157,610,1,3,9,0,2,0.81666666666667,0.0808618712108799,0,1.0,0.0,0.15834070817273466,1
158,611,1,1,27,0,2,0.4166666666666714,0.06980173685072916,0,1.0,0.0,0.09608530192958467,1
159,614,1,1,7,0,2,0.0,0.06234638702277569,0,1.0,0.0,0.00969607199671492,1
160,615,1,1,33,0,2,0.6714285714285708,0.08012452892020318,0,1.0,0.0,0.13921698995412393,1
161,616,1,3,8,0,2,0.7833333333333385,0.07783057512698674,0,1.0,0.0,0.08774174463335327,0
162,617,1,5,33,0,2,0.8000000000000043,0.11051941668032116,0,1.0,0.0,0.18001854994962518,0
163,618,1,1,64,0,2,0.6333333333333329,0.07766672128461413,0,1.0,0.0,0.06089698882397041,1
164,619,1,1,27,0,2,0.75,0.06046206783549074,1,1.0,0.0,0.013406376860659389,0
165,620,1,1,27,1,2,0.7833333333333385,0.10306406685236769,1,1.0,0.0,0.10085083586254531,0
166,621,1,1,8,0,2,0.6833333333333371,0.07234147140750452,1,1.0,0.0,0.11586889351731916,0
167,622,1,1,36,0,2,0.7333333333333343,0.0986400131083074,0,1.0,0.0,0.16255661524997056,0
168,624,1,1,108,1,2,0.7666666666666728,0.0986400131083074,1,1.0,0.0,0.4393685941499892,0
169,625,1,1,6,0,2,0.31666666666667,0.0807799442896936,1,1.0,0.0,0.5020301224706047,1
170,626,0,1,48,0,2,0.7833333333333385,0.06480419465836473,0,1.0,0.0,0.04851476467379186,0
171,627,1,1,22,1,2,0.7333333333333343,0.09970506308372933,1,1.0,0.0,0.14937475285198717,0
172,628,1,1,6,0,2,0.5833333333333357,0.07373422906767164,0,1.0,0.0,0.31697977801821875,1
173,629,1,1,48,0,2,0.7833333333333385,0.07840406357529084,0,1.0,0.0,0.10555400950506155,0
174,630,1,1,27,0,2,0.7166666666666686,0.050548910371948225,0,1.0,0.0,0.018492396924925967,0
175,631,1,1,33,0,2,0.7666666666666728,0.12018679338030477,0,1.0,0.0,0.06895244382109551,0
176,633,1,1,33,0,2,0.7333333333333343,0.10429297067016222,0,1.0,0.0,0.06706381242843476,1
177,634,1,1,64,1,2,0.4166666666666714,0.09978699000491562,0,1.0,0.0,0.24241669748276318,1
178,635,1,3,27,0,2,0.8333333333333357,0.0985580861871211,0,1.0,0.0,0.054352708547769656,0
179,636,1,3,36,1,2,0.8000000000000043,0.0985580861871211,0,1.0,0.0,0.2703406845236854,0
180,638,1,1,22,0,2,0.7166666666666686,0.09773881697525807,0,1.0,0.0,0.2123840763250063,1
181,639,1,3,22,0,2,0.7166666666666686,0.0894641979354416,0,1.0,0.0,0.2753933997980254,0
182,640,1,1,8,0,2,0.3333333333333357,0.09773881697525807,0,1.0,0.0,0.7798884381871819,1
183,641,1,1,22,0,2,0.6833333333333371,0.09732918236932657,0,1.0,0.0,0.22210194710481204,1
184,642,1,3,7,0,2,0.10000000000000142,0.04653449123381943,0,1.0,0.0,0.0452532668464206,1
185,643,1,3,22,0,2,0.6500000000000057,0.10503031296083894,0,1.0,0.0,0.09498275806086683,1
186,644,1,1,8,0,2,0.8333333333333357,0.07668359823037851,0,1.0,0.0,0.06672072227250204,0
187,645,1,3,33,0,2,0.6833333333333371,0.06701622153039488,0,1.0,0.0,0.22071630894286623,0
188,646,1,3,36,1,2,0.6833333333333371,0.0943798132066197,0,1.0,0.0,0.2973017362980655,1
189,649,1,4,6,0,2,0.4166666666666714,0.09339669015238408,1,1.0,0.0,0.534979841440235,1
190,650,1,1,64,1,2,0.36666666666666714,0.09331476323119778,0,1.0,0.0,0.24345403945312757,1
191,651,1,3,6,0,2,0.38333333333333286,0.09323283631001147,1,1.0,0.0,0.5186262077880427,1
192,652,1,3,33,0,2,0.6833333333333371,0.09323283631001147,0,1.0,0.0,0.17996664944849508,1
193,653,1,1,7,1,2,0.5,0.09282320170407996,0,1.0,0.0,0.15725017492888183,1
194,654,1,1,64,0,2,0.38333333333333286,0.09323283631001147,0,1.0,0.0,0.2429353684679454,1
195,655,1,1,54,0,2,0.5833333333333357,0.09306898246763887,0,1.0,0.0,0.0717606884856647,0
196,656,1,1,35,0,2,0.7666666666666728,0.05341635261346879,0,1.0,0.0,0.046738308795365086,1
197,658,1,1,8,0,2,0.7000000000000028,0.09224971325577586,0,1.0,0.0,0.3389829182884241,1
198,659,1,3,8,1,2,0.5833333333333357,0.5114697689660822,0,1.0,0.0,0.29715925507126983,1
199,660,1,1,102,0,2,0.5333333333333385,0.12223496640996231,0,1.0,0.0,0.09999459688894133,1
200,662,1,1,39,0,2,0.7833333333333385,0.07946911355071276,0,1.0,0.0,0.04448421942632871,0
201,663,1,1,7,0,2,0.7833333333333385,0.10978207438964445,0,1.0,0.0,0.2583587775542112,0
202,664,1,1,8,1,2,0.7000000000000028,0.10371948222185812,0,1.0,0.0,0.3828305244929889,1
203,665,1,1,7,0,2,0.8000000000000043,0.13583483532688842,0,1.0,0.0,0.24720539493409932,0
204,666,1,1,80,0,2,0.6500000000000057,0.1259216778633459,0,1.0,0.0,0.11678696907613154,1
205,667,1,1,6,0,2,0.6166666666666671,0.07135834835326889,0,1.0,0.0,0.18944684036474974,1
206,668,1,1,36,0,2,0.6666666666666714,0.13124692774045552,0,1.0,0.0,0.011263208022011348,0
207,670,1,1,22,0,2,0.6833333333333371,0.0988857938718663,0,1.0,0.0,0.22210194710481204,1
208,671,1,3,6,0,2,0.75,0.10871702441422253,0,1.0,0.0,0.11377799499443252,0
209,672,1,5,24,0,2,0.5,0.0947894478125512,0,1.0,0.0,0.12962554209546143,1
210,673,1,5,73,1,2,0.5333333333333385,0.09339669015238408,1,1.0,0.0,0.6519927290816913,1
211,674,1,1,48,0,2,0.7619047619047663,0.18220547271833526,0,1.0,0.0,0.07976175329412562,1
212,675,1,1,37,0,2,0.56666666666667,0.15090938882516797,0,1.0,0.0,0.04117486281386261,1
213,676,1,1,31,0,1,0.20000000000000284,0.11060134360150746,0,1.0,0.0,0.008302076024101235,0
214,677,1,1,55,0,1,0.5,0.07463542520072096,0,1.0,0.0,0.04195433662065695,1
215,678,1,1,31,0,1,0.7833333333333385,0.059560871702441426,0,1.0,0.0,0.014079105463548075,0
216,680,1,1,31,0,1,0.4166666666666714,0.05980665246600033,0,1.0,0.0,0.013914382869054406,1
217,682,1,1,31,0,1,0.15000000000000568,0.014419138128789121,0,1.0,0.0,0.02300380617274589,1
218,683,1,1,55,0,1,0.75,0.05980665246600033,0,1.0,0.0,0.04331177343458833,1
219,684,1,1,22,0,2,0.5333333333333385,0.6751597574963133,0,0.0,1.0,0.2330388640987561,1
220,685,1,1,31,0,1,0.4333333333333371,0.05710306406685237,0,1.0,0.0,0.02696898250879626,1
221,686,1,1,31,0,1,0.13333333333333286,0.11715549729641161,0,1.0,0.0,0.01502077280993801,1
222,689,1,1,99,0,2,0.21666666666666856,0.10543994756677044,0,1.0,0.0,0.22091115592145721,1
223,690,1,1,7,0,2,0.46666666666666856,0.07881369818122236,0,1.0,0.0,0.06995968288047023,1
224,691,1,1,22,0,2,0.75,0.11436998197607734,0,1.0,0.0,0.142285971828032,0
225,692,1,1,6,0,2,0.6833333333333371,0.11912174340488285,0,1.0,0.0,0.2810670457678603,1
226,693,1,1,99,0,2,0.15000000000000568,0.11412420121251844,0,1.0,0.0,0.22091115592145721,1
227,695,1,1,31,0,1,0.31666666666667,0.054317548746518104,0,1.0,0.0,0.01003357198696255,1
228,697,1,1,31,0,1,0.5833333333333357,0.06988366377191545,0,1.0,0.0,0.03040954696655481,1
229,698,1,1,122,1,1,0.20000000000000284,0.07733901359986892,0,1.0,0.0,0.1265156372502215,1
230,699,1,1,22,1,2,0.6666666666666714,0.18032115353105033,1,1.0,0.0,0.24704788611081727,1
231,700,1,1,122,1,1,0.75,0.09978699000491562,0,1.0,0.0,0.10584452633582526,0
232,701,1,1,31,0,1,0.7666666666666728,0.037768310666885144,0,1.0,0.0,0.03540323743983477,0
233,702,1,1,122,0,1,0.25,0.03359003768638375,0,1.0,0.0,0.11201847424021948,1
234,703,1,1,122,0,1,0.5833333333333357,0.04399475667704408,0,1.0,0.0,0.17777017004131623,1
235,709,1,1,48,0,2,0.8000000000000043,0.11174832049811569,0,1.0,0.0,0.043839281796508714,0
236,710,1,1,31,0,1,0.8833333333333329,0.026298541700802886,0,1.0,0.0,0.006799817414643043,0
237,711,1,1,24,0,2,0.4333333333333371,0.12649516631165003,0,1.0,0.0,0.18492771034178815,1
238,712,1,5,65,0,2,0.8000000000000043,0.10863509749303621,0,1.0,0.0,0.21746721064219812,0
239,713,1,1,86,1,2,0.7833333333333385,0.11518925118794036,0,1.0,0.0,0.37378516877794593,0
240,715,1,1,33,0,2,0.7666666666666728,0.07053907914140588,0,1.0,0.0,0.09841164353397812,0
241,716,1,3,6,0,2,0.2666666666666728,0.020891364902506964,1,1.0,0.0,0.2571452356133274,1
242,717,0,1,125,1,2,0.7833333333333385,0.07414386367360315,0,1.0,0.0,0.07824720729530414,0
243,719,1,1,31,0,1,0.20000000000000284,0.03457316074061936,0,1.0,0.0,0.022330027773484418,1
244,718,0,1,125,1,2,0.8333333333333357,0.07471735212190726,0,1.0,0.0,0.08062515593502342,0
245,720,0,1,125,0,2,0.7833333333333385,0.138702277568409,0,1.0,0.0,0.16844961736484979,0
246,721,1,1,31,0,1,0.3500000000000014,0.026216614779616582,0,1.0,0.0,0.008900364520555933,1
247,724,0,1,22,0,2,0.4000000000000057,0.047271833524496154,0,1.0,0.0,0.011329870091683323,1
248,726,1,1,24,0,2,0.5333333333333385,0.08676060953629362,0,1.0,0.0,0.044323948922816,1
249,728,1,1,22,0,2,0.75,0.037604456824512536,0,1.0,0.0,0.2500270042222643,1
250,729,1,1,124,0,1,0.30000000000000426,0.08479436342782239,0,1.0,0.0,0.07337002990399843,1
251,730,1,5,27,0,2,0.7833333333333385,0.14083237751925284,0,1.0,0.0,0.05712860636160235,0
252,731,1,1,51,0,2,0.9000000000000057,0.07053907914140588,0,1.0,0.0,0.038096126184340606,0
253,733,1,1,80,0,2,0.6500000000000057,0.11969523185318696,0,1.0,0.0,0.11678696907613154,1
254,734,1,3,33,0,2,0.6833333333333371,0.10642307062100606,0,1.0,0.0,0.17996664944849508,1
255,735,1,3,36,0,2,0.75,0.041700802883827624,0,1.0,0.0,0.0267661713931772,0
256,736,1,1,8,1,2,0.6833333333333371,0.3761264951663117,0,1.0,0.0,0.37998344571327947,1
257,737,1,1,64,0,2,0.5,0.09274127478289367,0,1.0,0.0,0.23262894247419125,1
258,738,1,1,1,0,1,0.5333333333333385,0.022284122562674098,0,1.0,0.0,0.04896893521546967,1
259,739,1,1,31,0,1,0.4166666666666714,0.07242339832869081,0,1.0,0.0,0.042983196713509385,1
260,740,1,1,31,0,1,0.46666666666666856,0.05915123709650992,0,1.0,0.0,0.030200637488370194,1
261,741,1,1,31,0,1,0.6333333333333329,0.06201867933803048,0,1.0,0.0,0.1032369752998732,0
262,742,1,1,31,0,1,0.6333333333333329,0.005161396034737015,0,1.0,0.0,0.009273614849098655,1
263,743,1,1,31,0,1,0.6666666666666714,0.005898738325413731,0,1.0,0.0,0.007381690913268708,1
264,744,1,1,1,0,1,0.4833333333333343,0.06931017532361135,0,1.0,0.0,0.009384167950756514,1
265,747,1,1,7,1,2,0.8000000000000043,0.17696214976241192,0,1.0,0.0,0.17730513887898178,0
266,749,1,1,135,1,1,0.0833333333333357,0.09732918236932657,0,1.0,0.0,0.06122408151472237,1
267,750,1,1,37,0,1,0.20000000000000284,0.09175815172865803,0,1.0,0.0,0.008302076024101235,1
268,751,1,1,43,0,1,0.5333333333333385,0.08954612485662788,0,1.0,0.0,0.034074591291427085,1
269,752,1,1,31,0,1,0.8833333333333329,0.08692446337866624,0,1.0,0.0,0.023922330280917566,0
270,753,1,1,102,0,2,0.28333333333333854,0.4678846468949697,0,1.0,0.0,0.22091115592145721,1
271,754,1,1,31,1,1,0.8023809523809575,0.11969523185318696,0,1.0,0.0,0.04172243898780915,0
272,755,1,1,31,1,1,0.4952380952381006,0.11502539734556777,0,1.0,0.0,0.04286466515941834,1
273,756,1,3,123,0,1,0.6023809523809547,0.0897919056201868,0,1.0,0.0,0.02128521793346816,1
274,757,1,1,123,0,1,0.5,0.05472718335244962,0,1.0,0.0,0.05410987871723979,1
275,758,0,1,29,1,1,0.37142857142857366,0.08725217106341145,0,1.0,0.0,0.09452700566692727,1
276,760,1,1,30,1,1,0.3500000000000014,0.06185482549565787,0,1.0,0.0,0.11017946958518139,1
277,761,1,1,38,0,1,0.7833333333333385,0.05857774864820581,0,1.0,0.0,0.04923640424404902,0
278,762,1,1,134,0,1,0.10000000000000142,0.04399475667704408,0,1.0,0.0,0.03809687177835537,1
279,764,1,1,31,0,1,0.9500000000000028,0.09011961330493201,0,1.0,0.0,0.03979154136163949,0
280,765,1,1,31,0,1,0.9500000000000028,0.09011961330493201,0,1.0,0.0,0.03979154136163949,0
281,767,1,1,31,0,1,0.7833333333333385,0.08807144027527446,0,1.0,0.0,0.03324709884418112,1
282,770,1,1,31,0,1,0.30000000000000426,0.08635097493036212,0,1.0,0.0,0.008466607746527124,1
283,772,1,3,31,0,1,0.8809523809523867,0.054809110273635914,0,1.0,0.0,0.055578224132055265,0
284,776,1,1,55,0,1,0.8500000000000014,0.03367196460757005,0,1.0,0.0,0.02471789937482741,0
285,777,1,1,31,0,1,0.9166666666666714,0.0712764214320826,0,1.0,0.0,0.02783804689240459,0
286,778,1,1,31,0,1,0.25,0.060380140914304437,0,1.0,0.0,0.08198694940390189,1
287,780,1,1,31,0,1,0.8833333333333329,0.09077502867442241,0,1.0,0.0,0.023922330280917566,0
288,781,1,4,31,0,1,0.7333333333333343,0.09618220547271833,0,1.0,0.0,0.022250624993288164,1
289,782,1,4,31,1,1,0.9000000000000057,0.08405702113714568,0,1.0,0.0,0.011544920878648737,0
290,783,1,3,31,0,1,0.9000000000000057,0.09044732098967721,0,1.0,0.0,0.009213394711714238,0
291,784,1,3,31,0,1,0.13333333333333286,0.0721776175651319,0,1.0,0.0,0.027444397111617936,1
292,785,1,3,31,0,1,0.5904761904761884,0.11969523185318696,0,1.0,0.0,0.09807318679749073,1
293,788,1,4,31,0,1,0.25,0.0721776175651319,0,1.0,0.0,0.01505355508757913,1
294,789,1,3,31,0,1,0.8333333333333357,0.11969523185318696,0,1.0,0.0,0.05153813050940145,0
295,791,1,4,31,0,1,0.9000000000000057,0.11715549729641161,0,1.0,0.0,0.013876447045583239,0
296,794,1,4,31,0,1,0.3333333333333357,0.10486645911846633,0,1.0,0.0,0.05194335190929723,1
297,796,1,3,31,0,1,0.81666666666667,0.10732426675405539,0,1.0,0.0,0.05153813050940145,0
298,798,1,1,31,0,1,0.7833333333333385,0.08020645584138948,0,1.0,0.0,0.03949324410821291,1
299,799,1,1,31,0,1,0.36666666666666714,0.11969523185318696,0,1.0,0.0,0.06362018924579005,1
300,801,1,1,31,0,1,0.6166666666666671,0.06152711781091266,0,1.0,0.0,0.053754775550541194,0
301,802,1,1,1,0,1,0.56666666666667,0.10732426675405539,0,1.0,0.0,0.004506489520272905,1
302,803,1,1,31,0,1,0.7666666666666728,0.09519908241848273,0,1.0,0.0,0.03324709884418112,1
303,805,1,1,31,0,1,0.81666666666667,0.006554153694904146,0,1.0,0.0,0.02026808454327992,1
304,806,1,1,31,0,1,0.8833333333333329,0.006554153694904146,0,1.0,0.0,0.018385799646872838,0
305,808,1,3,122,1,1,0.6500000000000057,0.07733901359986892,0,1.0,0.0,0.09511555968792522,0
306,809,1,3,31,0,1,0.5333333333333385,0.09798459773881697,0,1.0,0.0,0.11434353461585797,1
307,810,1,3,31,0,1,0.23333333333333428,0.06398492544650172,0,1.0,0.0,0.018759574873601952,1
308,811,1,4,31,1,1,0.3333333333333357,0.10486645911846633,0,1.0,0.0,0.08339038400026727,1
309,812,1,4,1,0,1,0.7666666666666728,0.10486645911846633,0,1.0,0.0,0.045465875663868865,1
310,813,1,1,30,0,1,0.4833333333333343,0.03105030312960839,0,1.0,0.0,0.06570562166983565,1
311,814,1,3,122,0,1,0.5833333333333357,0.10486645911846633,0,1.0,0.0,0.04325399645967149,1
312,816,1,3,31,0,1,0.8666666666666671,0.06152711781091266,0,1.0,0.0,0.0150766028897635,0
313,817,1,3,30,0,1,0.8666666666666671,0.09593642470915943,0,1.0,0.0,0.025436389555966218,0
314,823,1,3,31,0,1,0.4333333333333371,0.026052760937243978,0,1.0,0.0,0.004753668848047298,1
315,825,1,3,31,0,1,0.4833333333333343,0.08626904800917581,0,1.0,0.0,0.06813836968021444,1
316,826,1,4,31,1,1,0.8333333333333357,0.08643290185154842,0,1.0,0.0,0.08969641537556486,0
317,827,1,3,30,0,1,0.47857142857143486,0.09937735539898411,0,1.0,0.0,0.06813836968021444,1
318,828,1,3,31,1,1,0.5833333333333357,0.07733901359986892,0,1.0,0.0,0.17708385134720167,1
319,829,1,3,122,0,1,0.6023809523809547,0.06693429460920858,0,1.0,0.0,0.014169865131777204,1
320,830,1,3,122,0,1,0.6023809523809547,0.07135834835326889,0,1.0,0.0,0.07233812778756576,0
321,832,1,1,55,0,1,0.4000000000000057,0.09339669015238408,0,1.0,0.0,0.04272232231487182,1
322,837,1,1,31,0,1,0.8333333333333357,0.08880878256595116,0,1.0,0.0,0.08790338702985315,0
323,838,1,1,31,0,1,0.8000000000000043,0.07660167130919221,0,1.0,0.0,0.00881351772971628,1
324,839,1,1,31,0,1,0.8500000000000014,0.0856136326396854,0,1.0,0.0,0.003173820743036759,1
325,841,1,4,31,0,1,0.5357142857142847,0.11969523185318696,0,1.0,0.0,0.008799965812903938,1
326,845,1,3,31,0,1,0.8404761904761884,0.08970997869900049,0,1.0,0.0,0.05153813050940145,0
327,848,1,1,1,0,1,0.6166666666666671,0.03875143372112076,0,1.0,0.0,0.06669215588165799,1
328,850,1,1,30,0,1,0.7238095238095283,0.10232672456169097,0,1.0,0.0,0.03183748476462138,0
329,852,1,4,122,1,1,0.45000000000000284,0.09978699000491562,0,1.0,0.0,0.11955033375281368,1
330,853,1,3,30,0,1,0.6000000000000014,0.09945928232017041,0,1.0,0.0,0.01906252224777981,1
331,854,1,4,38,0,1,0.6833333333333371,0.04710797968212355,0,1.0,0.0,0.15107054142276866,1
332,855,1,3,31,0,1,0.8404761904761884,0.09233164017696216,0,1.0,0.0,0.05153813050940145,0
333,858,1,3,122,0,1,0.05000000000000426,0.0852859249549402,0,1.0,0.0,0.0885932702598335,1
334,859,1,3,122,0,1,0.81666666666667,0.07996067507783058,0,1.0,0.0,0.0885932702598335,0
335,860,1,1,30,0,1,0.3333333333333357,0.08897263640832379,0,1.0,0.0,0.006333874838184923,0
336,861,1,1,1,0,1,0.3333333333333357,0.08889070948713747,0,1.0,0.0,0.026152908983005204,1
337,863,1,1,30,0,1,0.4476190476190496,0.08774373259052924,0,1.0,0.0,0.023943326208373302,1
338,864,1,3,122,0,1,0.6666666666666714,0.03686711453383582,0,1.0,0.0,0.11003855828114321,0
339,866,1,4,122,0,1,0.6023809523809547,0.07258725217106342,0,1.0,0.0,0.11517697749981694,0
340,867,1,3,122,0,1,0.6023809523809547,0.08725217106341145,0,1.0,0.0,0.02128521793346816,1
341,869,1,3,122,0,1,0.6190476190476204,0.0539079141405866,0,1.0,0.0,0.1249615568743612,0
342,870,1,3,30,0,1,0.47857142857143486,0.08626904800917581,0,1.0,0.0,0.08205838327526833,1
343,871,1,3,38,0,1,0.7714285714285722,0.05611994101261675,0,1.0,0.0,0.03480981618110845,0
344,872,0,1,134,1,1,0.22380952380952834,0.07733901359986892,0,1.0,0.0,0.10890740268946522,1
345,873,1,1,31,0,1,0.4000000000000057,0.09790267081763068,0,1.0,0.0,0.035474790606243596,1
346,875,1,1,31,0,1,0.7166666666666686,0.055054891037194825,0,1.0,0.0,0.027958988206351343,1
347,877,1,1,31,0,1,0.7666666666666728,0.03629362608553171,0,1.0,0.0,0.014627958094447894,0
348,878,1,1,31,0,1,0.6333333333333329,0.07512698672783877,0,1.0,0.0,0.03147823967405197,1
349,879,1,1,29,0,1,0.5500000000000043,0.04637063739144683,0,1.0,0.0,0.06823464435825198,1
350,880,1,1,135,1,1,0.28333333333333854,0.09691954776339505,0,1.0,0.0,0.0016558151879867622,1
351,882,1,1,135,0,1,0.23333333333333428,0.07594625593970179,0,1.0,0.0,0.05537437276366681,1
352,886,1,1,31,0,1,0.4166666666666714,0.03055874160249058,0,1.0,0.0,0.006136536979109441,1
353,889,1,1,31,0,1,0.5166666666666728,0.07733901359986892,0,1.0,0.0,0.04175653351091626,1
354,890,1,1,31,0,1,0.8833333333333329,0.030968376208422087,0,1.0,0.0,0.01796344747889385,1
355,891,1,1,31,0,1,0.56666666666667,0.06398492544650172,0,1.0,0.0,0.02784317657922616,1
356,892,1,1,31,0,1,0.5,0.08757987874815665,0,1.0,0.0,0.0345734211251636,1
357,894,1,1,31,0,1,0.28333333333333854,0.08757987874815665,0,1.0,0.0,0.006899643506091698,1
358,895,1,1,31,0,1,0.6666666666666714,0.05259708340160577,0,1.0,0.0,0.03226286702667636,1
359,896,1,1,31,0,1,0.56666666666667,0.06357529084057022,0,1.0,0.0,0.025490296599708834,1
360,897,1,1,31,0,1,0.6000000000000014,0.02998525315418647,0,1.0,0.0,0.005435273002087728,1
361,898,1,1,31,0,1,0.36666666666666714,0.03006718007537277,0,1.0,0.0,0.00699317081930363,1
362,899,1,1,31,0,1,0.4166666666666714,0.08757987874815665,0,1.0,0.0,0.028448789791281896,1
363,900,1,1,31,0,1,0.6166666666666671,0.06488612157955104,0,1.0,0.0,0.03624355171823381,1
364,901,1,1,31,0,1,0.6666666666666714,0.08757987874815665,0,1.0,0.0,0.03086828412245425,1
365,902,1,1,31,0,1,0.7166666666666686,0.06308372931345241,0,1.0,0.0,0.03571598132289141,1
366,905,1,1,31,0,1,0.4833333333333343,0.061609044732098966,0,1.0,0.0,0.028422186996835134,1
367,906,1,1,31,0,1,0.6500000000000057,0.06078977552023595,0,1.0,0.0,0.029473701218232146,1
368,907,1,1,134,0,1,0.22380952380952834,0.03440930689824676,0,1.0,0.0,0.08214088772656601,1
369,908,1,1,30,1,1,0.6333333333333329,0.07733901359986892,0,1.0,0.0,0.13181500934005028,1
370,910,1,1,31,0,1,0.5833333333333357,0.0180239226609864,0,1.0,0.0,0.009694917220704853,1
371,918,1,1,31,0,1,0.6333333333333329,0.04227429133213174,0,1.0,0.0,0.04310859966204049,1
372,921,1,1,1,0,1,0.6000000000000014,0.055218744879567426,0,1.0,0.0,0.046335530557936884,1
373,923,1,1,7,0,2,0.4000000000000057,0.2252171063411437,0,1.0,0.0,0.03725241557608552,1
374,924,1,5,33,0,2,0.7833333333333385,0.1391938390955268,0,1.0,0.0,0.14629565475848683,0
375,925,1,5,22,1,2,0.5166666666666728,0.11715549729641161,0,1.0,0.0,0.20025149255932603,1
376,926,1,1,55,0,1,0.5166666666666728,0.07045715222021957,0,1.0,0.0,0.05113197264342313,1
377,928,1,1,31,0,1,0.4833333333333343,0.08970997869900049,0,1.0,0.0,0.014502173401781235,1
378,929,1,1,31,0,1,0.5619047619047635,0.11969523185318696,0,1.0,0.0,0.026666736589467496,1
379,930,1,1,1,0,1,0.8333333333333357,0.11969523185318696,0,1.0,0.0,0.025871466926113983,0
380,932,1,1,31,0,1,0.4476190476190496,0.06791741766344421,0,1.0,0.0,0.02231447169996039,1
381,933,1,1,31,0,1,0.5166666666666728,0.060380140914304437,0,1.0,0.0,0.014948384578232651,1
382,934,1,1,31,0,1,0.23333333333333428,0.06791741766344421,0,1.0,0.0,0.013268614945739566,1
383,939,1,1,31,0,1,0.6023809523809547,0.10486645911846633,0,1.0,0.0,0.03332654934239432,1
384,940,1,1,70,0,2,0.8500000000000014,0.08594134032443061,0,1.0,0.0,0.025872692086199037,0
385,941,0,1,2,0,2,0.7833333333333385,0.07373422906767164,0,1.0,0.0,0.0848164011481518,0
386,942,1,1,48,1,2,0.8000000000000043,0.0853678518761265,0,1.0,0.0,0.13436140019368412,0
387,943,1,1,88,0,2,0.8500000000000014,0.034491233819433066,0,1.0,0.0,0.21156754589920299,0
388,944,1,1,48,0,2,0.7642857142857196,0.08479436342782239,0,1.0,0.0,0.0770343870894267,0
389,945,1,1,6,1,2,0.30000000000000426,0.0853678518761265,1,1.0,0.0,0.5597768763743639,1
390,947,1,1,107,1,2,0.2666666666666728,0.08446665574307717,0,1.0,0.0,0.3094354354723918,1
391,948,1,1,8,1,2,0.7000000000000028,0.08364738653121416,0,1.0,0.0,0.29513531208385935,0
392,949,1,1,8,0,2,0.7000000000000028,0.08635097493036212,0,1.0,0.0,0.3389829182884241,1
393,950,1,1,7,1,2,0.6833333333333371,0.07905947894478126,0,1.0,0.0,0.1793035670427318,0
394,951,1,1,27,0,2,0.81666666666667,0.08233655579223333,0,1.0,0.0,0.08660203558713792,0
395,952,1,1,120,0,3,0.1666666666666714,0.07848599049647714,0,1.0,0.0,0.20806291284599343,1
396,953,1,1,29,0,1,0.3047619047619037,0.11969523185318696,0,1.0,0.0,0.031640528649681456,1
397,958,1,1,1,0,1,0.519047619047619,0.09675569392102246,0,1.0,0.0,0.015552477971448694,1
398,959,1,1,1,0,1,0.6333333333333329,0.007127642143208259,0,1.0,0.0,0.014152114029473717,1
399,961,1,1,31,0,1,0.4166666666666714,0.09675569392102246,0,1.0,0.0,0.028448789791281896,1
400,962,1,1,31,1,1,0.8500000000000014,0.057266917909224974,0,1.0,0.0,0.02800937843224512,1
401,965,1,1,31,0,1,0.5428571428571445,0.09536293626085532,0,1.0,0.0,0.026666736589467496,1
402,968,1,1,31,0,1,0.45476190476190936,0.011633622808454858,0,1.0,0.0,0.013817944756808836,1
403,969,1,1,31,0,1,0.4047619047619051,0.004751761428805506,0,1.0,0.0,0.009158041812058195,1
404,970,1,1,53,0,1,0.6476190476190524,0.09306898246763887,0,1.0,0.0,0.09577692782392977,1
405,971,1,1,22,0,2,0.6500000000000057,0.05546452564312634,0,1.0,0.0,0.18680659652243836,1
406,973,1,5,31,0,1,0.9500000000000028,0.08618712108798952,0,1.0,0.0,0.10186183271575444,0
407,975,1,1,128,0,2,0.8333333333333357,0.06349336391938391,0,1.0,0.0,0.04832006084925172,0
408,976,1,1,31,0,1,0.8500000000000014,0.10232672456169097,0,1.0,0.0,0.015591599587640937,1
409,977,1,1,31,0,1,0.8333333333333357,0.10232672456169097,0,1.0,0.0,0.015591599587640937,1
410,979,1,1,31,0,1,0.36666666666666714,0.09626413239390465,0,1.0,0.0,0.11437712809978713,1
411,983,1,1,31,1,1,0.6500000000000057,0.057266917909224974,0,1.0,0.0,0.029654934246588736,1
412,984,1,1,32,0,2,0.21666666666666856,0.3729313452400459,0,1.0,0.0,0.07074191240274313,1
413,986,1,1,31,0,1,0.7666666666666728,0.02154678027199738,0,1.0,0.0,0.034495974783662085,1
414,987,1,1,1,0,1,0.8333333333333357,0.034491233819433066,0,1.0,0.0,0.045627583672642046,1
415,988,1,1,31,0,1,0.38333333333333286,0.09618220547271833,0,1.0,0.0,0.07327058555668535,1
416,989,1,1,31,0,1,0.8500000000000014,0.09683762084220875,0,1.0,0.0,0.015591599587640937,1
417,990,1,1,31,0,1,0.81666666666667,0.03662133377027691,0,1.0,0.0,0.06082019144749935,0
418,991,1,1,31,0,1,0.8333333333333357,0.0947894478125512,0,1.0,0.0,0.015591599587640937,1
419,992,1,1,31,0,1,0.45000000000000284,0.05317057184990988,0,1.0,0.0,0.025572180716786217,1
420,994,1,1,31,0,1,0.6500000000000057,0.034163526134687865,0,1.0,0.0,0.031926836751350635,1
421,999,1,1,1,0,1,0.56666666666667,0.06439456005243323,0,1.0,0.0,0.046331245480015236,1
422,1000,1,1,1,0,1,0.4166666666666714,0.08954612485662788,0,1.0,0.0,0.021661184610125468,1
423,1002,1,1,1,0,1,0.7000000000000028,0.0358839914796002,0,1.0,0.0,0.017588350463095363,1
424,1003,1,1,31,0,1,0.5166666666666728,0.08913649025069639,0,1.0,0.0,0.04175653351091626,1
425,1006,1,1,37,0,2,0.46666666666666856,0.06840897919056202,0,1.0,0.0,0.07352659271759454,1
426,1007,1,1,31,0,1,0.7000000000000028,0.0852859249549402,0,1.0,0.0,0.03183748476462138,1
427,1008,1,1,31,1,1,0.38333333333333286,0.0852859249549402,0,1.0,0.0,0.11857478661439289,1
428,1009,1,1,1,0,1,0.46666666666666856,0.08585941340324432,0,1.0,0.0,0.010751465692889548,1
429,1010,1,1,31,0,1,0.9500000000000028,0.085777486482058,0,1.0,0.0,0.03979154136163949,0
430,1013,1,1,31,0,1,0.8833333333333329,0.04211043748975914,0,1.0,0.0,0.041044843147192096,0
431,1015,1,1,31,0,1,0.4928571428571473,0.09306898246763887,0,1.0,0.0,0.0345734211251636,1
432,1016,1,1,31,0,1,0.4928571428571473,0.0009831230542356219,0,1.0,0.0,0.011670633994289982,1
433,1017,1,1,31,0,1,0.4928571428571473,0.09306898246763887,0,1.0,0.0,0.0005821598067273342,1
434,1018,1,1,31,0,1,0.4928571428571473,0.09306898246763887,0,1.0,0.0,0.0345734211251636,1
435,1019,1,1,31,0,1,0.4928571428571473,0.09306898246763887,0,1.0,0.0,0.0345734211251636,1
436,1020,1,1,31,0,1,0.18333333333333712,0.09397017860068818,0,1.0,0.0,0.004161011077592093,1
437,1033,1,1,31,0,1,0.9166666666666714,0.09184007864984434,0,1.0,0.0,0.013300920043211241,0
438,1037,1,1,31,0,1,0.4333333333333371,0.09224971325577586,0,1.0,0.0,0.024641727104378328,1
439,1045,1,1,31,0,1,0.36666666666666714,0.08438472882189088,0,1.0,0.0,0.06278397871684825,1
440,1046,1,3,30,0,1,0.8000000000000043,0.0850401441913813,0,1.0,0.0,0.10164171427538947,0
441,1047,1,1,31,0,1,0.23333333333333428,0.023758807144027526,0,1.0,0.0,0.0012444858819220391,1
442,1050,1,1,31,0,1,0.6000000000000014,0.08397509421595938,0,1.0,0.0,0.03332654934239432,1
443,1051,1,1,1,0,1,0.5,0.11969523185318696,0,1.0,0.0,0.015552477971448694,1
444,1052,1,1,31,0,1,0.9000000000000057,0.08397509421595938,0,1.0,0.0,0.025129118929453163,0
445,1054,1,3,122,0,1,0.7666666666666728,0.047927248893986564,0,1.0,0.0,0.034242949998811945,0
446,1055,1,3,122,0,1,0.9000000000000057,0.08331967884646896,0,1.0,0.0,0.04100826728720385,0
447,1056,1,1,31,0,1,0.30000000000000426,0.0854497787973128,0,1.0,0.0,0.008466607746527124,1
448,1057,1,1,31,0,1,0.5,0.08602326724561692,0,1.0,0.0,0.0345734211251636,1
449,1058,1,1,31,0,1,0.45000000000000284,0.0852859249549402,0,1.0,0.0,0.023943326208373302,1
450,1060,1,1,31,0,1,0.47380952380952834,0.01605767655251516,0,1.0,0.0,0.039563628183206585,1
451,1061,1,1,31,0,1,0.8666666666666671,0.02425036867114534,0,1.0,0.0,0.005652199107119077,0
452,1063,1,1,1,0,1,0.5500000000000043,0.09224971325577586,0,1.0,0.0,0.02541886750014407,1
453,1064,1,1,31,0,1,0.38333333333333286,0.03285269539570703,0,1.0,0.0,0.015570150339024223,1
454,1065,1,1,80,0,2,0.8666666666666671,0.085777486482058,0,1.0,0.0,0.15323747264090481,0
455,1066,0,1,125,0,2,0.7833333333333385,0.025397345567753565,0,1.0,0.0,0.05158277787195592,0
456,1068,1,1,27,0,2,0.7928571428571445,0.10232672456169097,0,1.0,0.0,0.08660203558713792,0
457,1069,1,1,35,0,2,0.5571428571428569,0.13198427003113222,0,1.0,0.0,0.04117486281386261,0
458,1070,1,1,31,0,1,0.6833333333333371,0.07266917909224972,0,1.0,0.0,0.028761199648219916,1
459,1071,1,1,55,0,2,0.15000000000000568,0.21686056038014093,0,1.0,0.0,0.16868022899714094,1
460,1072,1,1,55,0,1,0.5904761904761884,0.0403899721448468,0,1.0,0.0,0.09671773982486596,1
461,1073,1,1,27,1,2,0.36666666666666714,0.1746681959691955,1,1.0,0.0,0.1938734236797476,1
462,1074,1,1,31,0,1,0.5142857142857196,0.09224971325577586,0,1.0,0.0,0.04175653351091626,1
463,1076,1,3,31,0,1,0.6166666666666671,0.085777486482058,0,1.0,0.0,0.02765303698300681,1
464,1077,1,1,116,0,3,0.5,0.09610027855153203,0,1.0,0.0,0.19228992514644083,1
465,1078,1,1,97,0,2,0.75,0.11486154350319515,0,1.0,0.0,0.1694633043212642,1
466,1080,1,1,107,1,2,0.25,0.10085203998033754,0,1.0,0.0,0.1323868763705226,1
467,1081,1,1,68,1,2,0.18333333333333712,0.1085531705718499,0,1.0,0.0,0.16260035954905433,1
468,1082,1,1,55,0,1,0.8833333333333329,0.084958217270195,0,1.0,0.0,0.008579818741728812,0
469,1083,1,3,108,0,2,0.6047619047619079,0.08676060953629362,0,1.0,0.0,0.22537419460845054,0
470,1084,1,1,31,0,1,0.9166666666666714,0.084958217270195,0,1.0,0.0,0.029566083299037402,0
471,1085,1,1,31,0,1,0.5333333333333385,0.014255284286416517,0,1.0,0.0,0.021827366182987223,1
472,1086,1,1,22,0,2,0.5833333333333357,0.05218744879567426,0,1.0,0.0,0.11877372302703602,1
473,1089,1,1,31,0,1,0.6261904761904802,0.08176306734392923,0,1.0,0.0,0.11531774564980429,0
474,1090,1,1,129,0,1,0.81666666666667,0.08725217106341145,0,1.0,0.0,0.08684541417486263,0
475,1092,1,1,104,0,3,0.56666666666667,0.07733901359986892,0,1.0,0.0,0.11616003664705526,1
476,1093,1,1,31,0,1,0.4000000000000057,0.07398000983123054,0,1.0,0.0,0.027966384498977797,1
477,1094,1,1,31,0,1,0.7833333333333385,0.07438964443716206,0,1.0,0.0,0.027000953580149322,1
478,1097,1,1,134,1,1,0.22380952380952834,0.08717024414222514,0,1.0,0.0,0.121802815024679,1
479,1098,1,3,71,0,2,0.56666666666667,0.1387842044895953,0,1.0,0.0,0.24577848426634744,1
480,1104,1,1,31,0,1,0.7833333333333385,0.024496149434704243,0,1.0,0.0,0.018965525834735982,0
481,1106,1,1,31,0,1,0.11666666666666714,0.06857283303293463,0,1.0,0.0,0.08555697284163184,0
482,1109,1,5,132,0,2,0.45000000000000284,0.05202359495330166,1,1.0,0.0,0.3932513353451615,1
483,1110,1,1,133,0,2,0.6500000000000057,0.07717515975749631,0,1.0,0.0,0.04541920147854467,1
484,1120,1,1,38,1,1,0.8000000000000043,0.08225462887104702,0,1.0,0.0,0.1109114639651156,0
485,1121,1,1,31,0,1,0.6666666666666714,0.02474193019826315,0,1.0,0.0,0.02014668990817219,1
486,1126,1,1,122,1,1,0.5809523809523824,0.09978699000491562,0,1.0,0.0,0.12409108003745128,0
487,1127,1,1,31,0,1,0.4714285714285751,0.03924299524823857,0,1.0,0.0,0.03483640943195182,1
488,1130,1,4,31,0,1,0.36666666666666714,0.07897755202359495,0,1.0,0.0,0.020496319818327204,1
489,1131,1,1,64,1,2,0.5,0.0764378174668196,0,1.0,0.0,0.22284118746561934,1
490,1132,1,4,31,0,1,0.5500000000000043,0.07897755202359495,0,1.0,0.0,0.06157175021438096,1
491,1134,1,4,1,0,1,0.5500000000000043,0.07848599049647714,0,1.0,0.0,0.018743937679449117,0
492,1135,1,3,1,0,1,0.8000000000000043,0.07881369818122236,0,1.0,0.0,0.045465875663868865,1
493,1137,1,1,31,0,1,0.5333333333333385,0.004751761428805506,0,1.0,0.0,0.013587180426863478,1
494,1138,1,1,30,0,1,0.3333333333333357,0.07111256758970998,0,1.0,0.0,0.056381413793271204,1
495,1139,1,1,31,0,1,0.6166666666666671,0.031869572341471405,0,1.0,0.0,0.010822446243095033,1
496,1141,1,1,1,0,1,0.38333333333333286,0.004751761428805506,0,1.0,0.0,0.021281949249307434,1
497,1158,1,3,33,0,2,0.6000000000000014,0.06218253318040308,1,1.0,0.0,0.6126866111769277,1
498,1164,1,1,8,0,2,0.7666666666666728,0.07578240209732919,0,1.0,0.0,0.24235020719795222,0
499,1171,1,4,27,0,2,0.81666666666667,0.07553662133377029,0,1.0,0.0,0.08660203558713792,0
500,1172,1,1,24,0,2,0.81666666666667,0.07545469441258398,0,1.0,0.0,0.1814345689800093,1
501,1173,1,1,108,0,2,0.75,0.07488120596427987,0,1.0,0.0,0.3741420124593126,0
502,1176,1,3,6,0,2,0.11666666666666714,0.011469768966082254,0,1.0,0.0,0.0452532668464206,1
503,1178,1,3,8,0,2,0.7166666666666686,0.04628871047026053,0,1.0,0.0,0.07110864206427035,1
504,1179,1,1,64,0,2,0.4833333333333343,0.017696214976241194,0,1.0,0.0,0.23262894247419125,1
505,1193,1,1,62,0,1,0.18333333333333712,0.07733901359986892,0,1.0,0.0,0.1094043214166231,1
506,1208,1,1,24,0,2,0.56666666666667,0.0404718990660331,0,1.0,0.0,0.03823619884423099,1
507,1212,0,1,138,1,2,0.8000000000000043,0.07414386367360315,0,1.0,0.0,0.1306207776876737,1
508,1215,0,1,17,0,2,0.7166666666666686,0.07307881369818123,0,1.0,0.0,0.05481783633908845,1
509,1217,1,4,104,0,3,0.6500000000000057,0.071931836801573,0,1.0,0.0,0.11616003664705526,1
510,1221,1,3,140,0,2,0.8000000000000043,0.013026380468621989,0,1.0,0.0,0.02151843974128618,0
511,1222,1,1,8,0,2,0.7666666666666728,0.06398492544650172,0,1.0,0.0,0.19961190411920557,0
512,1223,1,1,93,0,2,0.8666666666666671,0.017778141897427494,0,1.0,0.0,0.12948646793507568,0
513,1280,1,3,30,0,1,0.21666666666666856,0.0717679829592004,0,1.0,0.0,0.015601357922106165,1
514,1288,1,3,36,0,2,0.5500000000000043,0.005325249877109618,0,1.0,0.0,0.026737201785089974,1
515,1297,1,4,31,0,1,0.7833333333333385,0.07086678682615108,0,1.0,0.0,0.03134527341983511,1
516,1298,1,4,1,0,1,0.5166666666666728,0.0715222021956415,0,1.0,0.0,0.05411238152722855,1
517,1299,1,3,31,0,1,0.7666666666666728,0.07078485990496478,0,1.0,0.0,0.03134527341983511,1
518,1300,1,4,84,0,2,0.75,0.06914632148123873,0,1.0,0.0,0.24667490658202068,0
519,1302,1,1,22,0,2,0.7666666666666728,0.013354088153367197,1,1.0,0.0,0.297651350699865,0
520,1304,1,1,7,0,2,0.56666666666667,0.03113223005079469,0,1.0,0.0,0.042827411703589495,1
521,1306,0,1,177,1,2,0.8833333333333329,0.06234638702277569,0,1.0,0.0,0.057292708621875736,0
522,1310,1,1,33,0,2,0.7833333333333385,0.011797476650827463,0,1.0,0.0,0.10638011574391526,0
523,1323,1,1,24,0,2,0.4833333333333343,0.006799934458463052,0,1.0,0.0,0.04427908444328443,1
524,1324,1,1,70,0,2,0.8666666666666671,0.06726200229395381,0,1.0,0.0,0.025872692086199037,0
525,1325,1,1,8,0,2,0.6000000000000014,0.025069637883008356,0,1.0,0.0,0.06405405099945613,1
526,1326,1,1,144,0,2,0.3500000000000014,0.06693429460920858,0,1.0,0.0,0.0159712202714458,1
527,1329,1,1,24,0,2,0.6166666666666671,0.07381615598885795,0,1.0,0.0,0.0785049609356335,1
528,1330,1,3,146,0,2,0.9833333333333343,0.026708176306734395,0,1.0,0.0,0.021022787927478186,0
529,1332,1,1,7,0,2,0.7000000000000028,0.06586924463378666,0,1.0,0.0,0.2810670457678603,1
530,1334,1,1,33,0,2,0.8000000000000043,0.022529903326233003,0,1.0,0.0,0.028879807551138066,0
531,1335,1,1,48,0,2,0.6333333333333329,0.0028674422415205635,0,1.0,0.0,0.17025865152639522,0
532,1336,1,1,27,0,2,0.8500000000000014,0.06603309847615926,0,1.0,0.0,0.07576432196452136,0
533,1380,0,1,147,0,2,0.7833333333333385,0.0076192036703260696,1,1.0,0.0,0.1826515979149813,0
534,1381,1,1,176,0,2,0.6166666666666671,0.04653449123381943,0,1.0,0.0,0.14443990346540192,1
535,1382,1,1,8,0,2,0.7333333333333343,0.06414877928887433,0,1.0,0.0,0.11670489050813512,0
536,1383,1,1,27,0,2,0.8666666666666671,0.025970834016057678,0,1.0,0.0,0.0363521817838088,0
537,1384,1,1,27,0,2,0.8500000000000014,0.06414877928887433,0,1.0,0.0,0.07576432196452136,0
538,1385,1,1,40,0,2,0.8333333333333357,0.026216614779616582,0,1.0,0.0,0.02837559512509017,0
539,1386,1,5,22,0,2,0.6500000000000057,0.03555628379485499,0,1.0,0.0,0.07659615436540847,1
540,1388,1,1,80,1,2,0.36666666666666714,0.06341143699819761,0,1.0,0.0,0.17151876863771798,1
541,1389,1,1,43,0,2,0.75,0.06341143699819761,0,1.0,0.0,0.06724033688146931,1
542,1390,1,1,1,0,1,0.4166666666666714,0.023922660986400134,0,1.0,0.0,0.03257090352736139,0
543,1397,1,1,22,0,2,0.9000000000000057,0.004751761428805506,1,1.0,0.0,0.1676475920232473,0
544,1398,1,1,48,1,2,0.81666666666667,0.06234638702277569,0,1.0,0.0,0.15102600381165318,0
545,1399,1,1,95,1,2,0.8666666666666671,0.06218253318040308,0,1.0,0.0,0.21530818272061847,0
546,1430,1,1,24,0,2,0.8833333333333329,0.06169097165328528,0,1.0,0.0,0.0029391960255205594,0
547,1432,0,1,17,0,2,0.7833333333333385,0.019826314927085042,0,1.0,0.0,0.04851644911979001,0
548,1433,0,1,149,0,2,0.4000000000000057,0.0179419957398001,0,1.0,0.0,0.16734867443560045,1
549,1434,1,1,27,0,2,0.81666666666667,0.03055874160249058,0,1.0,0.0,0.07235323531173052,0
550,1435,1,1,8,0,2,0.6833333333333371,0.007373422906767163,0,1.0,0.0,0.0901757213826684,1
551,1436,1,5,36,1,2,0.6166666666666671,0.06087170244142225,1,1.0,0.0,0.3080974151195553,1
552,1437,0,1,120,0,3,0.5,0.014746845813534326,0,1.0,0.0,0.09610477565229987,1
553,1439,1,3,33,0,2,0.81666666666667,0.017614288055054893,0,1.0,0.0,0.02063488816773339,0
554,1440,1,1,89,0,2,0.7833333333333385,0.018187776503359007,0,1.0,0.0,0.04366475314953287,0
555,1441,1,1,22,0,2,0.75,0.011797476650827463,1,1.0,0.0,0.2500270042222643,0
556,1443,1,1,8,0,2,0.6500000000000057,0.008438472882189088,0,1.0,0.0,0.3205269922438491,0
557,1445,1,1,17,0,2,0.6666666666666714,0.0003277076847452073,0,1.0,0.0,0.12414835835909108,1
558,1446,1,3,22,0,2,0.7166666666666686,0.028674422415205635,0,1.0,0.0,0.14628196684532618,0
559,1538,1,1,6,0,2,0.30000000000000426,0.03268884155333443,0,1.0,0.0,0.44428336856684575,1
560,1539,1,1,153,1,1,0.8000000000000043,0.057266917909224974,0,1.0,0.0,0.08217484863922567,0
561,1543,1,1,17,0,2,0.8000000000000043,0.014419138128789121,0,1.0,0.0,0.02018233526683,0
562,1619,1,3,36,0,2,0.8000000000000043,0.009995084384728823,0,1.0,0.0,0.17428802768244323,0
563,1625,1,1,66,0,3,0.4833333333333343,0.014746845813534326,0,1.0,0.0,0.23262894247419125,1
564,1629,1,1,78,0,3,0.7333333333333343,0.01081435359659184,0,1.0,0.0,0.1243682477529747,1
565,1630,1,3,7,0,2,0.8333333333333357,0.031541864656726204,0,1.0,0.0,0.09700864794336864,0
566,1636,1,1,122,0,1,0.56666666666667,0.04186465672620023,0,1.0,0.0,0.14730800918927803,0
567,1637,1,1,55,0,1,0.8500000000000014,0.022284122562674098,0,1.0,0.0,0.07538280926134465,0
568,1644,1,1,134,0,1,0.10000000000000142,0.03301654923807963,0,1.0,0.0,0.03798592738895856,1
569,1657,1,1,48,1,2,0.5333333333333385,0.05325249877109618,0,1.0,0.0,0.3082491870442501,1
570,1683,1,1,108,0,2,0.6309523809523867,0.03678518761264952,0,1.0,0.0,0.21916819570502488,0
571,1685,1,1,22,1,2,0.6833333333333371,0.052105521874487956,1,1.0,0.0,0.18643569988508144,1
572,1715,1,1,104,0,3,0.7166666666666686,0.010486645911846634,0,1.0,0.0,0.3741420124593126,0
573,1716,1,1,9,0,2,0.81666666666667,0.009421595936424708,0,1.0,0.0,0.023039031612854588,0
574,1738,1,1,1,0,1,0.30000000000000426,0.015566115025397346,0,1.0,0.0,0.031023868716702978,1
575,1739,1,1,162,0,3,0.4000000000000057,0.01917089955759463,1,1.0,0.0,0.304410723516296,1
576,1740,1,1,163,0,3,0.4833333333333343,0.009339669015238408,0,1.0,0.0,0.23925664577351588,1
577,1741,0,1,161,0,2,0.7666666666666728,0.01032279206947403,0,1.0,0.0,0.032607877832791114,0
578,1760,1,1,27,0,2,0.38333333333333286,0.02171063411436998,0,1.0,0.0,0.06417118680155154,1
579,1761,1,1,27,0,2,0.28333333333333854,0.049156152711781094,0,1.0,0.0,0.03332210679501675,1
580,1771,1,1,31,0,1,0.5833333333333357,0.045551368179583815,0,1.0,0.0,0.14883941396348616,1
581,1772,1,3,30,0,1,0.13333333333333286,0.01482877273472063,0,1.0,0.0,0.04226802293454825,1
582,1773,1,3,30,0,1,0.7666666666666728,0.014664918892348026,0,1.0,0.0,0.04137271364162025,1
583,1784,1,1,43,0,1,0.56666666666667,0.024414222513517943,0,1.0,0.0,0.0322681160085403,1
584,1800,1,5,8,0,2,0.7833333333333385,0.047435687366868755,0,1.0,0.0,0.21675789902161866,1
585,1803,1,3,122,1,1,0.6023809523809547,0.05685728330329346,0,1.0,0.0,0.02840057073515911,1
586,1804,1,3,122,1,1,0.6023809523809547,0.05685728330329346,0,1.0,0.0,0.028209698667379657,1
587,1814,1,1,122,0,1,0.5333333333333385,0.035310503031296084,0,1.0,0.0,0.15299965678100544,1
588,1815,1,1,122,0,1,0.5500000000000043,0.045551368179583815,0,1.0,0.0,0.20823233089335447,1
589,1816,1,1,24,0,1,0.36666666666666714,0.0270358839914796,0,1.0,0.0,0.0973691790344947,1
590,1820,1,1,122,0,1,0.7666666666666728,0.02842864165164673,0,1.0,0.0,0.11913167973114791,1
591,1822,1,1,55,0,1,0.4833333333333343,0.024332295592331642,0,1.0,0.0,0.06030960866618931,1
592,1825,1,1,31,0,1,0.21666666666666856,0.012370965099131576,0,1.0,0.0,0.03696714772718573,1
593,1827,1,1,31,0,1,0.5,0.01745043421268229,0,1.0,0.0,0.0709638488995537,1
594,1833,1,1,29,0,1,0.5547619047619037,0.034163526134687865,0,1.0,0.0,0.07807197957938004,1
595,1834,1,3,33,0,2,0.8000000000000043,0.01851548418810421,1,1.0,0.0,0.11242200880821626,0
596,1844,1,1,31,0,1,0.6166666666666671,0.02425036867114534,0,1.0,0.0,0.07180845779947778,1
597,1846,1,1,4,0,1,0.20000000000000284,0.016713091922005572,0,1.0,0.0,0.08081046169612628,1
598,1849,1,1,31,0,1,0.6833333333333371,0.02515156480419466,0,1.0,0.0,0.025259532269763473,1
599,1850,1,1,31,0,1,0.5333333333333385,0.02384073406521383,0,1.0,0.0,0.07003811937082335,1
600,1852,1,1,124,0,1,0.5166666666666728,0.024414222513517943,0,1.0,0.0,0.09814880315304242,1
601,1854,1,1,124,0,1,0.38333333333333286,0.024414222513517943,0,1.0,0.0,0.09301911633146959,1
602,1855,1,1,31,0,1,0.5833333333333357,0.024578076355890547,0,1.0,0.0,0.07832673891414613,1
603,1857,1,1,31,0,1,0.9500000000000028,0.021219072587252173,0,1.0,0.0,0.027529764643932298,0
604,1860,1,1,31,0,1,0.9333333333333371,0.02547927248893987,0,1.0,0.0,0.052053318079346676,0
605,1861,1,1,31,0,1,0.9333333333333371,0.017614288055054893,0,1.0,0.0,0.03281863877003319,0
606,1862,1,1,31,0,1,0.8000000000000043,0.03105030312960839,0,1.0,0.0,0.060449995072041095,1
607,1863,1,1,31,0,1,0.20000000000000284,0.03105030312960839,0,1.0,0.0,0.06899793817845074,1
608,1865,1,1,31,1,1,0.2666666666666728,0.047271833524496154,0,1.0,0.0,0.05833374873855335,1
609,1867,1,1,31,0,1,0.28333333333333854,0.02523349172538096,0,1.0,0.0,0.04889932417235051,1
610,1873,1,1,30,0,1,0.8666666666666671,0.016385384237260363,0,1.0,0.0,0.05614844489094299,1
611,1874,1,1,31,0,1,0.9166666666666714,0.020809437981320664,0,1.0,0.0,0.013932372561442618,0
612,1878,1,1,55,0,1,0.8666666666666671,0.024496149434704243,0,1.0,0.0,0.0735060262522913,1
613,1881,1,1,31,0,1,0.4166666666666714,0.011305915123709652,0,1.0,0.0,0.023661265010212217,1
614,1886,1,1,31,0,1,0.36666666666666714,0.025888907094871377,0,1.0,0.0,0.06234955389058222,1
615,1890,1,3,31,0,1,0.5333333333333385,0.023103391774537116,0,1.0,0.0,0.058637092172271844,1
616,1892,1,1,31,0,1,0.2666666666666728,0.024496149434704243,0,1.0,0.0,0.029793936829949123,0
617,1899,1,1,80,1,1,0.31666666666667,0.04628871047026053,0,1.0,0.0,0.11319319638136814,1
618,1902,1,1,31,0,1,0.31666666666667,0.025970834016057678,0,1.0,0.0,0.04778720806943352,1
619,1903,1,1,55,0,1,0.25,0.028756349336391943,0,1.0,0.0,0.08497743752583647,1
620,1904,0,1,31,0,1,0.8666666666666671,0.021792561035556286,0,1.0,0.0,0.022542432596410242,1
621,1906,1,1,31,0,1,0.4333333333333371,0.011961330493200067,0,1.0,0.0,0.02158763086585623,1
622,1909,1,1,31,0,1,0.2666666666666728,0.02474193019826315,0,1.0,0.0,0.037199773059791934,1
623,1916,1,1,31,0,1,0.3500000000000014,0.02203834179911519,0,1.0,0.0,0.05008005878363421,1
624,1917,1,1,31,0,1,0.6166666666666671,0.022693757168605604,0,1.0,0.0,0.054404504069262456,1
625,1918,1,1,90,0,2,0.7333333333333343,0.020891364902506964,0,1.0,0.0,0.12361842592190989,1
626,1920,1,1,124,0,1,0.46666666666666856,0.023185318695723416,0,1.0,0.0,0.09294515340520505,1
627,1926,1,1,31,1,1,0.21666666666666856,0.0449778797312797,0,1.0,0.0,0.12684427123292077,1
628,1931,1,1,33,1,2,0.8000000000000043,0.0451417335736523,1,1.0,0.0,0.3027794163018121,0
629,1932,1,1,124,0,1,0.38333333333333286,0.022284122562674098,0,1.0,0.0,0.04177473793438072,1
630,1935,1,1,31,0,1,0.9166666666666714,0.021874487956742586,0,1.0,0.0,0.04174372122336656,0
631,1936,1,1,24,0,1,0.7000000000000028,0.019662461084712438,0,1.0,0.0,0.03640049627596547,1
632,1938,1,1,124,0,1,0.4476190476190496,0.030149106996559073,0,1.0,0.0,0.11062467868327697,1
633,1941,1,1,31,0,1,0.9166666666666714,0.018843191872849416,0,1.0,0.0,0.018634379498444563,0
634,1947,0,1,125,0,1,0.8666666666666671,0.014091430444043913,0,1.0,0.0,0.011318713619321612,0
635,1952,1,1,167,0,3,0.7833333333333385,0.037276749139767335,0,1.0,0.0,0.1059433813656291,1
636,1954,1,1,31,0,1,0.13333333333333286,0.013927576601671309,0,1.0,0.0,0.039656057982028786,1
637,1955,1,1,139,0,1,0.81666666666667,0.022939537932164508,0,1.0,0.0,0.021578087262467256,0
638,1957,0,1,112,0,2,0.8666666666666671,0.041209241356709815,0,1.0,0.0,0.09492456593920257,0
639,1959,1,1,49,1,2,0.75,0.04391282975585777,1,1.0,0.0,0.17379690072959203,1
640,1960,1,1,24,0,2,0.4833333333333343,0.0070457152220219565,0,1.0,0.0,0.029558577254971977,1
641,1961,1,5,89,1,2,0.8000000000000043,0.04407668359823038,0,1.0,0.0,0.37947033864887303,0
642,1962,1,1,7,0,2,0.5500000000000043,0.0004096346059315091,0,1.0,0.0,0.05344073135152281,1
643,1964,1,1,6,1,2,0.6666666666666714,0.04374897591348517,1,1.0,0.0,0.4591175925613395,1
644,1965,1,1,31,0,1,0.46666666666666856,0.016713091922005572,0,1.0,0.0,0.031971071353058524,1
645,1967,1,1,7,0,2,0.38333333333333286,0.00016385384237260366,0,1.0,0.0,0.5852814657130981,1
646,1969,1,1,158,0,2,0.8000000000000043,0.01261674586269048,0,1.0,0.0,0.05491042480031698,0
647,1970,1,1,31,0,1,0.20000000000000284,0.02154678027199738,0,1.0,0.0,0.04339715051050608,1
648,1975,1,1,31,0,1,0.5333333333333385,0.028182860888087826,0,1.0,0.0,0.07836252742685478,1
649,1976,1,1,49,0,2,0.8333333333333357,0.01073242667540554,1,1.0,0.0,0.06422408938103745,0
650,1985,1,3,36,0,2,0.8000000000000043,0.01081435359659184,0,1.0,0.0,0.10166327327544518,0
651,1987,1,1,31,0,1,0.4095238095238116,0.01261674586269048,0,1.0,0.0,0.04397692441638617,1
652,1988,1,1,43,0,1,0.8000000000000043,0.016958872685564477,0,1.0,0.0,0.04912768828604354,1
653,1993,1,5,124,0,1,0.56666666666667,0.012370965099131576,0,1.0,0.0,0.08677282791338696,1
654,1996,0,1,125,0,1,0.7285714285714349,0.023185318695723416,0,1.0,0.0,0.02467975836388338,0
655,1998,0,1,125,0,1,0.7547619047619065,0.02154678027199738,0,1.0,0.0,0.0249183484486077,0
656,2000,1,1,78,0,2,0.6833333333333371,0.010568572833032934,0,1.0,0.0,0.10692252882842837,1
657,2001,1,1,33,0,2,0.7833333333333385,8.192692118630183e-05,0,1.0,0.0,0.10638011574391526,0
658,2002,1,1,36,0,2,0.75,0.014091430444043913,1,1.0,0.0,0.06397219074138723,0
659,2006,1,1,31,0,1,0.38333333333333286,0.03875143372112076,0,1.0,0.0,0.11518643998257712,1
660,2007,1,1,31,0,1,0.4166666666666714,0.02212026872030149,0,1.0,0.0,0.056603111699997044,1
661,2009,1,1,54,0,2,0.75,0.008684253645747993,0,1.0,0.0,0.04730873474172567,0
662,2010,1,1,36,1,2,0.81666666666667,0.04211043748975914,0,1.0,0.0,0.24691278208944126,0
663,2013,0,1,25,1,1,0.5714285714285765,0.04235621825331804,0,1.0,0.0,0.13376729656731548,1
664,2016,1,3,31,0,1,0.8500000000000014,0.016467311158446664,0,1.0,0.0,0.050552071091847714,0
665,2017,1,1,6,1,2,0.3500000000000014,0.04178272980501393,1,1.0,0.0,1.0,1
666,2018,1,1,22,0,2,0.8333333333333357,0.0003277076847452073,0,1.0,0.0,0.2930577376242541,0
667,2019,1,1,22,1,2,0.7333333333333343,0.04178272980501393,1,1.0,0.0,0.2175433065638201,1
668,2020,1,5,31,0,1,0.30000000000000426,0.023103391774537116,0,1.0,0.0,0.06256786381810497,1
669,2023,1,1,31,0,1,0.38333333333333286,0.021874487956742586,0,1.0,0.0,0.049516986183684816,1
670,2024,1,1,31,0,1,0.6333333333333329,0.014746845813534326,0,1.0,0.0,0.03314374161947854,1
671,2027,0,1,170,0,2,0.8333333333333357,0.027609372439783713,0,1.0,0.0,0.17927888489846708,0
672,2031,1,3,29,0,1,0.6500000000000057,0.005816811404227429,0,1.0,0.0,0.0210755688260209,1
673,2033,1,1,124,0,1,0.8333333333333357,0.01925282647878093,0,1.0,0.0,0.08254978341376655,1
674,2034,1,1,124,0,1,0.7333333333333343,0.02171063411436998,0,1.0,0.0,0.07879198957935855,1
675,2036,1,1,168,1,2,0.6000000000000014,0.04112731443552351,0,1.0,0.0,0.17410256803073573,1
676,2040,1,1,158,0,2,0.81666666666667,0.020809437981320664,0,1.0,0.0,0.10943927247813436,0
677,2043,1,1,31,0,1,0.7833333333333385,0.006144519088972637,0,1.0,0.0,0.02022050968038589,0
678,2044,1,1,124,0,1,0.28333333333333854,0.02146485335081108,0,1.0,0.0,0.09752131123021746,1
679,2045,1,1,124,0,1,0.36666666666666714,0.023758807144027526,0,1.0,0.0,0.10420183360249835,1
680,2048,1,1,31,0,1,0.75,0.01835163034573161,0,1.0,0.0,0.04515675238534792,1
681,2049,1,1,31,0,1,0.75,0.021382926429624773,0,1.0,0.0,0.057539577782539986,0
682,2050,1,1,124,0,1,0.4833333333333343,0.01835163034573161,0,1.0,0.0,0.08643283704265481,1
683,2053,1,1,31,0,1,0.46666666666666856,0.03817794527281665,0,1.0,0.0,0.11685254794681887,1
684,2054,1,1,31,0,1,0.3333333333333357,0.020481730296575455,0,1.0,0.0,0.05696696157920163,1
685,2057,1,1,31,0,1,0.5333333333333385,0.02105521874487957,0,0.0,1.0,0.05608417826572165,1
686,2059,1,1,124,0,1,0.15000000000000568,0.018187776503359007,0,1.0,0.0,0.059716712305649386,1
687,2060,1,1,124,0,1,0.4833333333333343,0.018105849582172703,0,1.0,0.0,0.07617346339950917,1
688,2062,1,1,31,0,1,0.3500000000000014,0.018187776503359007,0,1.0,0.0,0.051741838723739074,1
689,2063,1,1,22,0,2,0.8000000000000043,0.020481730296575455,1,1.0,0.0,0.10910965073248433,1
690,2065,1,1,122,0,1,0.5333333333333385,0.01704079960675078,0,1.0,0.0,0.03920989452359431,1
691,2068,1,1,129,1,1,0.8500000000000014,0.040881533671964614,0,1.0,0.0,0.12537076750047357,0
692,2070,0,1,31,0,1,0.7000000000000028,0.005816811404227429,0,1.0,0.0,0.005031125257573207,1
693,2073,1,1,124,0,1,0.15000000000000568,0.020891364902506964,0,1.0,0.0,0.10104051497990114,1
694,2079,1,1,24,0,1,0.5,0.017778141897427494,0,1.0,0.0,0.05899959163159688,1
695,2080,1,1,31,0,1,0.9500000000000028,0.012534818941504178,0,1.0,0.0,0.02337824945171223,0
696,2085,1,1,24,0,1,0.6666666666666714,0.013763722759298706,0,1.0,0.0,0.027807734022140363,1
697,2086,1,1,24,0,1,0.5166666666666728,0.01851548418810421,0,1.0,0.0,0.05041169900140101,1
698,2088,1,1,56,1,1,0.9333333333333371,0.03998033753891529,0,1.0,0.0,0.026402438423114134,0
699,2089,1,3,31,1,1,0.9333333333333371,0.0403080452236605,0,1.0,0.0,0.09198764606309028,0
700,2093,1,1,31,0,1,0.4333333333333371,0.005489103719482222,0,1.0,0.0,0.0012979300609002862,1
701,2094,1,1,22,1,2,0.7166666666666686,0.03998033753891529,1,1.0,0.0,0.25885292982933666,0
702,2096,1,1,31,0,1,0.8000000000000043,0.006472226773717844,0,1.0,0.0,0.0005821598067273342,1
703,2097,1,3,31,1,1,0.9333333333333371,0.0403080452236605,0,1.0,0.0,0.11173601936841861,0
704,2101,1,1,124,0,1,0.5809523809523824,0.017860068818613798,0,1.0,0.0,0.07629275844187133,0
705,2102,1,1,31,0,1,0.3333333333333357,0.01728658037030968,0,1.0,0.0,0.048306141503708905,1
706,2105,1,1,31,0,1,0.8119047619047635,0.01712272652793708,0,1.0,0.0,0.04451255915659226,0
707,2106,1,1,31,0,1,0.6500000000000057,0.019662461084712438,0,1.0,0.0,0.05128851756276288,0
708,2107,1,1,78,0,2,0.6500000000000057,0.02023594953301655,0,1.0,0.0,0.15714001072906209,0
709,2110,1,1,83,0,2,0.7833333333333385,0.008848107488120597,0,1.0,0.0,0.11956464438609543,0
710,2111,1,1,33,0,2,0.8000000000000043,0.009585449778797314,0,1.0,0.0,0.13459900728725935,0
711,2112,1,1,22,0,2,0.6666666666666714,0.0024578076355890547,0,1.0,0.0,0.1074926135909678,0
712,2116,1,1,124,0,1,0.75,0.017614288055054893,0,1.0,0.0,0.08541882918257647,1
713,2119,1,1,6,0,2,0.6000000000000014,0.029821399311813865,1,1.0,0.0,0.685602928632211,1
714,2120,1,1,31,0,1,0.38333333333333286,0.016549238079632968,0,1.0,0.0,0.04239507215466395,1
715,2121,1,1,43,0,1,0.75,0.016876945764378176,0,1.0,0.0,0.0853529854768951,1
716,2122,1,1,124,0,1,0.9000000000000057,0.01712272652793708,0,1.0,0.0,0.07337002990399843,0
717,2123,1,1,31,0,1,0.8500000000000014,0.01261674586269048,0,1.0,0.0,0.030495391679038617,0
718,2124,1,1,33,0,2,0.06666666666666998,0.015893822710142554,1,1.0,0.0,0.1984568465728399,1
719,2126,1,1,24,1,1,0.6833333333333371,0.03989841061772899,0,1.0,0.0,0.11204810951464308,1
720,2127,1,1,31,0,1,0.8833333333333329,0.004915615271178109,0,1.0,0.0,0.009106773574652635,0
721,2132,1,1,124,0,1,0.20000000000000284,0.016876945764378176,0,1.0,0.0,0.08028914236100364,1
722,2133,1,1,124,0,1,0.45000000000000284,0.01712272652793708,0,1.0,0.0,0.07587522579360377,1
723,2134,1,5,89,0,2,0.8000000000000043,8.192692118630183e-05,0,1.0,0.0,0.21156754589920299,0
724,2135,1,1,22,1,2,0.7833333333333385,0.03891528756349337,1,1.0,0.0,0.3127919995190214,0
725,2136,1,1,173,0,2,0.81666666666667,0.009585449778797314,0,1.0,0.0,0.14384940970701515,0
726,2137,1,1,31,0,1,0.5166666666666728,0.019416680321153533,0,1.0,0.0,0.06445869023954519,0
727,2138,1,1,31,0,1,0.46666666666666856,0.008848107488120597,0,1.0,0.0,0.0402596908963813,1
728,2140,1,1,41,1,1,0.36666666666666714,0.03989841061772899,0,1.0,0.0,0.05181302446141742,1
729,2142,1,1,41,0,1,0.5500000000000043,0.016958872685564477,0,1.0,0.0,0.03588106657431386,0
730,2146,1,3,31,1,1,0.8333333333333357,0.03875143372112076,0,1.0,0.0,0.15162748225754064,0
731,2147,1,1,1,0,1,0.595238095238102,0.01613960347370146,0,1.0,0.0,0.07468824012210029,0
732,2148,1,4,1,0,1,0.5547619047619037,0.01663116500081927,0,1.0,0.0,0.08948082537500797,0
733,2150,1,3,31,0,1,0.5452380952380977,0.015893822710142554,0,1.0,0.0,0.044065202747734164,0
734,2153,1,1,31,0,1,0.5452380952380977,0.01622153039488776,0,1.0,0.0,0.03531491139046983,0
735,2158,1,1,30,1,1,0.4000000000000057,0.039324922169424875,0,1.0,0.0,0.09957122952015185,1
736,2159,1,1,43,0,1,0.8000000000000043,0.008766180566934295,0,1.0,0.0,0.030620651473518883,1
737,2160,1,1,31,0,1,0.81666666666667,0.020072095690643946,0,1.0,0.0,0.07712782373840645,0
738,2161,1,1,7,0,2,0.9000000000000057,0.03801409143044405,0,1.0,0.0,0.1500667452183165,0
739,2162,1,1,158,0,2,0.81666666666667,0.011469768966082254,0,1.0,0.0,0.05958548775905101,0
740,2163,0,1,17,0,2,0.7166666666666686,0.011305915123709652,0,1.0,0.0,0.061119223558386886,1
741,2165,1,1,158,0,2,0.8333333333333357,0.008274619039816484,0,1.0,0.0,0.026563186106796297,0
742,2166,1,1,195,1,1,0.8833333333333329,0.037768310666885144,0,1.0,0.0,0.10550840062446565,0
743,2168,1,1,129,1,1,0.3333333333333357,0.03891528756349337,0,1.0,0.0,0.11417838255921178,1
744,2193,1,1,31,0,1,0.5833333333333357,0.007127642143208259,0,1.0,0.0,0.02370153901651368,1
745,2195,1,1,31,0,1,0.4000000000000057,0.0019662461084712438,0,1.0,0.0,0.010602943365148661,1
746,2196,1,1,31,0,1,0.9166666666666714,0.0135179419957398,0,1.0,0.0,0.027405650081858707,0
747,2197,1,1,17,0,2,0.8666666666666671,0.0025397345567753564,0,1.0,0.0,0.013409020438798134,0
748,2200,1,1,31,0,1,0.25,0.014337211207602818,0,1.0,0.0,0.04556832028149737,1
749,2204,1,1,31,0,1,0.36666666666666714,0.014746845813534326,0,1.0,0.0,0.042275777112301786,1
750,2207,1,1,24,0,2,0.38333333333333286,0.018761264951663116,0,1.0,0.0,0.07827385303596614,1
751,2208,1,1,22,1,2,0.8333333333333357,0.03662133377027691,1,1.0,0.0,0.2537594872275343,0
752,2209,1,1,22,1,2,0.8333333333333357,0.03662133377027691,1,1.0,0.0,0.22956264235283552,0
753,2210,0,1,178,1,2,0.8333333333333357,0.036539406849090614,0,1.0,0.0,0.10841993451556328,0
754,2211,0,1,178,0,2,0.8500000000000014,0.0022939537932164513,0,1.0,0.0,0.007151394219889407,0
755,2214,1,1,31,0,1,0.5,0.014009503522857613,0,1.0,0.0,0.03674645189881574,1
756,2216,1,1,31,0,1,0.7833333333333385,0.0014746845813534328,0,1.0,0.0,0.0015365201456246035,0
757,2217,1,1,31,0,1,0.25,0.0015566115025397347,0,1.0,0.0,0.008455632602629805,1
758,2220,0,3,45,1,3,0.28333333333333854,0.04235621825331804,0,1.0,0.0,0.0368605814658436,0
759,2221,1,1,124,0,1,0.6000000000000014,0.013190234310994593,0,1.0,0.0,0.06615864459320595,1
760,2225,1,1,152,0,3,0.6833333333333371,0.013763722759298706,0,1.0,0.0,0.3030614083088486,1
761,2228,1,1,55,0,1,0.46666666666666856,0.010650499754219236,0,1.0,0.0,0.05466212648504524,1
762,2229,1,1,33,0,2,0.5833333333333357,0.0010650499754219238,0,1.0,0.0,0.015731838067640197,1
763,2230,1,1,31,0,1,0.46666666666666856,0.015975749631328855,0,1.0,0.0,0.04099335540690858,1
764,2231,1,1,31,0,1,0.8666666666666671,0.013272161232180895,0,1.0,0.0,0.030376096636676456,0
765,2233,1,1,24,0,2,0.30000000000000426,0.025970834016057678,0,1.0,0.0,0.10002265866175619,1
766,2236,1,1,180,0,2,0.6166666666666671,0.0016385384237260364,0,1.0,0.0,0.026655131567746505,0
767,2238,1,1,33,1,2,0.81666666666667,0.035474356873668685,0,1.0,0.0,0.2621500730153657,0
768,2246,1,1,139,0,1,0.20000000000000284,0.016795018843191876,0,1.0,0.0,0.03028662535490484,1
769,2247,1,1,31,0,1,0.8666666666666671,0.014664918892348026,0,1.0,0.0,0.027567407001599254,1
770,2250,1,1,31,0,1,0.4333333333333371,0.0004915615271178109,0,1.0,0.0,0.011442780463378257,1
771,2254,1,1,29,0,1,0.5547619047619037,0.021792561035556286,0,1.0,0.0,0.05839730913712391,1
772,2255,1,1,55,0,1,0.6166666666666671,0.010896280517778143,0,1.0,0.0,0.046803637146463455,0
773,2256,1,1,31,0,1,0.9500000000000028,0.0022120268720301492,0,1.0,0.0,0.009314556907637347,0
774,2257,1,1,31,0,1,0.9333333333333371,0.012289038177945273,0,1.0,0.0,0.021827413901004167,0
775,2258,1,1,4,0,1,0.5833333333333357,0.0003277076847452073,0,1.0,0.0,0.005862010455823947,1
776,2259,1,1,31,0,1,0.6666666666666714,0.014910699655906932,0,1.0,0.0,0.02571523933158692,1
777,2260,1,1,31,0,1,0.3738095238095269,0.012944453547435689,0,1.0,0.0,0.017500582714528673,1
778,2262,1,1,55,0,1,0.8500000000000014,0.014910699655906932,0,1.0,0.0,0.024238366707143397,1
779,2263,1,1,31,0,1,0.4833333333333343,0.012944453547435689,0,1.0,0.0,0.021508896137897204,1
780,2264,1,1,55,0,1,0.46666666666666856,0.013436015074553498,0,1.0,0.0,0.03159648492004134,1
781,2265,1,4,31,0,1,0.30000000000000426,0.013354088153367197,0,1.0,0.0,0.023028714977591107,1
782,2267,1,1,31,1,1,0.0833333333333357,0.036211699164345405,0,1.0,0.0,0.192843442213497,1
783,2268,1,1,31,1,1,0.8333333333333357,0.035310503031296084,0,1.0,0.0,0.17263295331666953,0
784,2275,1,1,134,0,1,0.11666666666666714,0.008438472882189088,0,1.0,0.0,0.03820781616775218,1
785,2276,1,1,30,0,1,0.21666666666666856,0.015484188104211044,0,1.0,0.0,0.07665660832107592,1
786,2277,0,1,70,0,2,0.9166666666666714,0.012289038177945273,0,1.0,0.0,0.008137506127261789,0
787,2278,1,1,181,0,2,0.8333333333333357,0.01073242667540554,0,1.0,0.0,0.02133949717774294,1
788,2279,1,3,31,1,1,0.6000000000000014,0.03539242995248239,0,1.0,0.0,0.025694959174385353,1
789,2291,1,1,31,0,1,0.7404761904761941,0.006799934458463052,0,1.0,0.0,0.025846463878185295,1
790,2296,1,1,31,0,1,0.7333333333333343,0.011469768966082254,0,1.0,0.0,0.02549096465194606,1
791,2297,1,1,31,0,1,0.38333333333333286,0.011879403572013763,0,1.0,0.0,0.037724671246185434,1
792,2299,1,1,31,0,1,0.23333333333333428,0.011633622808454858,0,1.0,0.0,0.029278582246944598,1
793,2300,1,1,31,0,1,0.10000000000000142,0.012698672783876782,0,1.0,0.0,0.03332507008386902,1
794,2301,1,1,31,0,1,0.5833333333333357,0.004669834507619204,0,1.0,0.0,0.0078114393738741485,1
795,2302,1,1,31,0,1,0.75,0.012780599705063084,0,1.0,0.0,0.0393804864341722,1
796,2310,1,1,139,0,1,0.8500000000000014,0.013190234310994593,0,1.0,0.0,0.021458792220105098,0
797,2314,1,1,24,0,2,0.7666666666666728,0.0005734884483041128,0,1.0,0.0,0.06634403386083843,1
798,2320,1,1,1,0,1,0.7333333333333343,0.006963788300835654,0,1.0,0.0,0.005234666458851522,1
799,2321,1,1,31,0,1,0.7666666666666728,0.01171554972964116,0,1.0,0.0,0.035950753966260136,1
800,2322,1,1,53,0,1,0.9000000000000057,0.007946911355071277,0,1.0,0.0,0.03794986926945417,1
801,2324,1,1,31,0,1,0.8333333333333357,0.005980665246600033,0,1.0,0.0,0.012261144453982666,1
802,2325,0,1,48,1,2,0.7833333333333385,0.03375389152875635,0,1.0,0.0,0.11892808604005096,0
803,2327,1,1,31,0,1,0.45000000000000284,0.010486645911846634,0,1.0,0.0,0.02537763436170201,1
804,2328,1,1,31,0,1,0.8000000000000043,0.003195149926265771,0,1.0,0.0,0.004876781331765045,0
805,2329,1,1,83,0,2,0.81666666666667,0.03227920694740292,0,1.0,0.0,0.27423188123216535,0
806,2330,1,1,58,0,2,0.2666666666666728,0.016385384237260363,0,1.0,0.0,0.07187287712235335,1
807,2331,1,1,31,0,1,0.6833333333333371,0.01032279206947403,0,1.0,0.0,0.0258965677959774,1
808,2332,0,1,31,1,1,0.4333333333333371,0.034163526134687865,0,1.0,0.0,0.10537674661571478,1
809,2333,1,1,31,0,1,0.6000000000000014,0.0028674422415205635,0,1.0,0.0,0.009159473352566542,1
810,2334,1,1,31,0,1,0.45000000000000284,0.01032279206947403,0,1.0,0.0,0.03124098569380211,1
811,2337,1,1,31,0,1,0.8666666666666671,0.006390299852531542,0,1.0,0.0,0.017700998385697102,1
812,2339,1,1,8,1,2,0.7833333333333385,0.032606914632148126,0,1.0,0.0,0.28508851027669885,0
813,2341,1,1,31,0,1,0.4476190476190496,0.012452892020317878,0,1.0,0.0,0.03125649404930919,1
814,2342,1,1,124,0,1,0.5,0.009995084384728823,0,1.0,0.0,0.0438624011757185,1
815,2343,1,1,31,0,1,0.81666666666667,0.009339669015238408,0,1.0,0.0,0.020009357455404872,1
816,2346,0,1,17,0,2,0.7833333333333385,0.010568572833032934,0,1.0,0.0,0.05572390723778793,0
817,2348,1,1,30,0,1,0.8333333333333357,0.007127642143208259,0,1.0,0.0,0.023989040068606485,1
818,2350,1,1,31,0,1,0.8666666666666671,0.0020481730296575454,0,1.0,0.0,0.0005296699880879845,0
819,2360,1,1,30,0,1,0.6500000000000057,0.006554153694904146,0,1.0,0.0,0.02480024635666916,1
820,2361,1,1,30,0,1,0.9166666666666714,0.006554153694904146,0,1.0,0.0,0.023805325703368758,0
821,2364,1,1,30,0,1,0.9166666666666714,0.006390299852531542,0,1.0,0.0,0.023258954409350073,0
822,2368,1,1,182,1,1,0.75,0.03162379157791251,0,1.0,0.0,0.025147394929943043,1
823,2369,0,3,184,0,1,0.7095238095238159,0.007864984433884975,0,1.0,0.0,0.028955292682143148,0
824,2370,1,1,169,0,1,0.6500000000000057,0.027773226282156317,0,1.0,0.0,0.15359712452756866,0
825,2372,1,1,31,0,1,0.8190476190476232,0.008766180566934295,0,1.0,0.0,0.023844693067348273,0
826,2376,1,1,22,1,2,0.4000000000000057,0.03129608389316729,1,1.0,0.0,0.1776154491431742,0
827,2379,1,1,22,0,1,0.7166666666666686,0.004751761428805506,0,1.0,0.0,0.027598908050485406,0
828,2380,1,1,31,0,1,1.0,0.012370965099131576,0,1.0,0.0,0.03384161761729717,0
829,2381,1,1,31,0,1,0.4166666666666714,0.009749303621169917,0,1.0,0.0,0.01256534681200617,1
830,2382,1,1,43,0,1,0.9000000000000057,0.013681795838112404,0,1.0,0.0,0.05064100077412701,1
831,2383,1,1,31,0,1,0.6000000000000014,0.007455349827953466,0,1.0,0.0,0.016801513766286424,1
832,2384,1,1,7,1,2,0.30000000000000426,0.03088644928723579,0,1.0,0.0,0.17056293142619625,1
833,2386,1,1,1,0,1,0.7833333333333385,0.009093888251679503,0,1.0,0.0,0.045209435461955896,1
834,2387,1,1,30,0,1,0.75,0.02842864165164673,0,1.0,0.0,0.1498797144509011,0
835,2388,1,3,30,0,1,0.9000000000000057,0.0011469768966082257,0,1.0,0.0,0.006155624185887386,0
836,2389,1,1,181,0,2,0.8833333333333329,0.006718007537276749,0,1.0,0.0,0.006904797051921743,0
837,2393,1,1,27,1,2,0.8666666666666671,0.030640668523676882,1,1.0,0.0,0.11517646214523393,0
838,2394,1,1,55,0,1,0.3333333333333357,0.00540717679829592,0,1.0,0.0,0.026576549537441704,1
839,2396,1,1,31,1,1,0.7166666666666686,0.030640668523676882,0,1.0,0.0,0.10043960199251448,0
840,2397,1,1,31,0,1,0.4000000000000057,0.005898738325413731,0,1.0,0.0,0.013999273221199317,0
841,2398,1,1,55,0,1,0.8333333333333357,0.007455349827953466,0,1.0,0.0,0.028714039932073308,0
842,2399,1,5,31,1,1,0.8333333333333357,0.030312960838931678,0,1.0,0.0,0.0032734559624176336,0
843,2401,1,1,31,1,1,0.5809523809523824,0.030312960838931678,0,1.0,0.0,0.047313606751255746,1
844,2404,1,1,124,0,1,0.31666666666667,0.0070457152220219565,0,1.0,0.0,0.04921874857777942,1
845,2406,1,1,186,1,2,0.5500000000000043,0.03195149926265771,0,1.0,0.0,0.3926186755611014,1
846,2408,1,1,31,0,1,0.38333333333333286,0.006963788300835654,0,1.0,0.0,0.04053406949381427,1
847,2410,1,1,95,1,1,0.46666666666666856,0.03088644928723579,0,1.0,0.0,0.186837316188797,1
848,2411,1,1,55,1,1,0.8333333333333357,0.02973947239062756,0,1.0,0.0,0.005592551585937997,0
849,2427,1,1,33,1,2,0.7833333333333385,0.02973947239062756,0,1.0,0.0,0.4274993482255713,0
850,2428,1,1,187,1,2,0.6166666666666671,0.029903326233000165,0,1.0,0.0,0.6894696722429074,1
851,2430,1,1,22,1,2,0.8333333333333357,0.029903326233000165,0,1.0,0.0,0.332355988020974,0
852,2431,1,1,31,1,1,0.81666666666667,0.029493691627068653,0,1.0,0.0,0.018476416161051133,0
853,2432,1,1,122,1,1,0.4000000000000057,0.029903326233000165,0,1.0,0.0,0.19555797704343944,1
854,2433,0,1,125,0,1,0.8666666666666671,0.009585449778797314,0,1.0,0.0,0.033507591498683126,0
855,2435,1,1,31,0,1,0.5,0.013272161232180895,0,1.0,0.0,0.03759702555085793,1
856,2437,1,1,55,1,1,0.25,0.029493691627068653,0,1.0,0.0,0.0028220769247310866,0
857,2441,1,1,31,1,1,0.75,0.029165983942323448,0,1.0,0.0,0.00510582781310039,1
858,2446,1,1,70,0,2,0.8833333333333329,0.01605767655251516,0,1.0,0.0,0.04360787804513629,0
859,2447,1,1,31,1,1,0.7000000000000028,0.028920203178764543,0,1.0,0.0,0.025578050032870437,1
860,2451,1,1,31,1,1,0.9166666666666714,0.029084057021137148,0,1.0,0.0,0.017388445374708246,0
861,2452,1,1,31,0,1,0.9166666666666714,0.0031132230050794694,0,1.0,0.0,0.030410692198961482,0
862,2453,1,1,139,1,1,0.8833333333333329,0.02973947239062756,0,1.0,0.0,0.2518482971423629,0
863,2454,1,1,189,1,1,0.7333333333333343,0.029903326233000165,0,1.0,0.0,0.25318440161681904,1
864,2455,1,1,189,1,1,0.7166666666666686,0.029903326233000165,0,1.0,0.0,0.2759621198252802,0
865,2457,1,1,56,0,1,0.9333333333333371,0.0020481730296575454,0,1.0,0.0,0.04108746368697682,0
866,2459,1,1,31,0,1,0.4166666666666714,0.006472226773717844,0,1.0,0.0,0.033197424388541515,0
867,2460,1,1,31,0,1,0.28333333333333854,0.0028674422415205635,0,1.0,0.0,0.013466024381840469,1
868,2461,1,1,22,1,2,0.6666666666666714,0.029903326233000165,1,1.0,0.0,0.18717749315979526,0
869,2462,1,1,80,0,1,0.8333333333333357,0.005325249877109618,0,1.0,0.0,0.03224306404964424,0
870,2466,1,1,31,1,1,0.2666666666666728,0.02826478780927413,0,1.0,0.0,0.04083626769512609,1
871,2467,1,1,31,1,1,0.9166666666666714,0.029084057021137148,0,1.0,0.0,0.07804443912590031,0
872,2468,1,1,31,1,1,0.8000000000000043,0.02793708012452892,0,1.0,0.0,0.33875239732036516,0
873,2469,1,1,31,0,1,0.45000000000000284,0.006062592167786335,0,1.0,0.0,0.027328108304323303,1
874,2470,1,1,31,0,1,0.5833333333333357,0.0026216614779616585,0,1.0,0.0,0.007024092094283901,1
875,2473,1,1,31,1,1,0.20000000000000284,0.028019007045715225,0,1.0,0.0,0.06320170223718359,1
876,2474,1,1,31,0,1,0.4833333333333343,0.005980665246600033,0,1.0,0.0,0.022976225158951757,1
877,2476,1,1,31,0,1,0.7333333333333343,0.004178272980501393,0,1.0,0.0,0.026201963104424526,1
878,2477,1,1,31,1,1,0.6500000000000057,0.027773226282156317,0,1.0,0.0,0.15830070377322894,1
879,2478,1,1,122,1,1,0.15000000000000568,0.028838276257578243,0,1.0,0.0,0.2896101884417653,0
880,2480,1,1,31,0,1,0.8000000000000043,0.006226446010158939,0,1.0,0.0,0.04600494013654287,1
881,2481,1,1,26,0,1,0.7333333333333343,0.005652957561854826,0,1.0,0.0,0.02357841698919254,1
882,2482,1,1,55,0,1,0.8833333333333329,0.006062592167786335,0,1.0,0.0,0.04422505810449946,0
883,2483,1,1,31,0,1,0.4000000000000057,0.005161396034737015,0,1.0,0.0,0.03710552997632583,1
884,2484,0,1,195,1,1,0.8666666666666671,0.029903326233000165,0,1.0,0.0,0.0758372899701326,1
885,2485,0,1,195,1,1,0.8333333333333357,0.02965754546944126,0,1.0,0.0,0.08279643784335454,0
886,2486,1,1,31,0,1,0.9166666666666714,0.00811076519744388,0,1.0,0.0,0.051735873971620966,0
887,2487,1,1,31,0,1,0.30000000000000426,0.004915615271178109,0,1.0,0.0,0.02961857311767675,1
888,2488,1,1,31,0,1,0.8690476190476204,0.00016385384237260366,0,1.0,0.0,0.001059339976175969,0
889,2489,1,1,31,0,1,0.75,0.010486645911846634,0,1.0,0.0,0.06143217501481722,1
890,2490,1,3,124,0,1,0.9166666666666714,0.0007373422906767164,0,1.0,0.0,0.008646504670409259,0
891,2491,1,3,31,1,1,0.8000000000000043,0.027281664755038508,0,1.0,0.0,0.18920432308723087,0
892,2493,1,1,124,0,1,0.8500000000000014,0.0,0,1.0,0.0,0.0008207498914516515,0
893,2495,1,1,31,0,1,0.45000000000000284,0.004260199901687695,0,1.0,0.0,0.029811831086303447,1
894,2496,1,1,123,0,1,0.45000000000000284,0.005489103719482222,0,1.0,0.0,0.06549750669663316,1
895,2498,1,1,31,0,1,0.5833333333333357,0.0013927576601671311,0,1.0,0.0,0.009529287983889233,1
896,2499,1,1,31,0,1,0.5166666666666728,0.004833688349991807,0,1.0,0.0,0.036888412999226704,1
897,2500,1,1,31,0,1,0.9333333333333371,0.006554153694904146,0,1.0,0.0,0.0306325809777551,1
898,2503,1,1,4,0,1,0.45000000000000284,0.004260199901687695,0,1.0,0.0,0.05126529320391581,1
899,2504,1,1,190,1,3,0.56666666666667,0.026872030149106996,0,1.0,0.0,0.5410441739020044,1
900,2505,1,1,158,1,2,0.8333333333333357,0.026790103227920695,0,1.0,0.0,0.21086925714053778,0
901,2506,1,1,33,1,2,0.36666666666666714,0.026790103227920695,0,1.0,0.0,0.5813958412760469,1
902,2507,1,1,31,0,1,0.9000000000000057,0.00401441913812879,0,1.0,0.0,0.0226636721479629,0
903,2508,1,1,55,0,1,0.81666666666667,0.0005734884483041128,0,1.0,0.0,0.0058311416706623145,0
904,2509,1,1,43,0,1,0.81666666666667,0.006881861379649353,0,1.0,0.0,0.05184323950974691,0
905,2511,1,1,31,1,1,0.6666666666666714,0.026790103227920695,0,1.0,0.0,0.08922369684070057,1
906,2512,1,1,31,0,1,0.9166666666666714,0.004342126822873996,0,1.0,0.0,0.0319973162623782,0
907,2513,1,1,31,0,1,0.23333333333333428,0.004260199901687695,0,1.0,0.0,0.026743562596748725,1
908,2514,1,1,31,0,1,0.36666666666666714,0.0036867114533835816,0,1.0,0.0,0.026366590262884307,1
909,2515,1,1,31,0,1,0.56666666666667,0.0044240537440602985,0,1.0,0.0,0.030990466104841574,0
910,2516,1,1,31,0,1,0.4333333333333371,0.002375880714402753,0,1.0,0.0,0.008894638358522548,0
911,2517,1,1,31,0,1,0.8500000000000014,0.004096346059315091,0,1.0,0.0,0.009052107814440599,0
912,2518,1,1,31,0,1,0.5,0.004096346059315091,0,1.0,0.0,0.009610408612695501,0
913,2520,1,1,31,1,1,0.4000000000000057,0.026298541700802886,0,1.0,0.0,0.06638432695434669,0
914,2522,1,1,31,0,1,0.48571428571428754,0.005161396034737015,0,1.0,0.0,0.03635158530859699,1
915,2523,1,1,31,0,1,0.7833333333333385,0.009995084384728823,0,1.0,0.0,0.057810377528702085,1
916,2524,1,1,31,0,1,0.0833333333333357,0.0015566115025397347,0,1.0,0.0,0.01063157417531558,1
917,2529,1,1,31,0,1,0.5500000000000043,0.0026216614779616585,0,1.0,0.0,0.014885635385950157,1
918,2530,1,1,29,0,1,0.28333333333333854,0.011142061281337049,0,1.0,0.0,0.06055654940387898,1
919,2531,1,1,163,1,3,0.4000000000000057,0.026216614779616582,0,1.0,0.0,0.23925664577351588,1
920,2533,1,1,33,0,2,0.8000000000000043,0.007701130591512371,0,1.0,0.0,0.18388042393669246,0
921,2535,1,1,31,0,1,0.56666666666667,0.00270358839914796,0,1.0,0.0,0.01784415243653169,1
922,2538,1,1,31,0,1,0.7166666666666686,0.00016385384237260366,0,1.0,0.0,0.0012979300609002862,1
923,2540,1,1,31,1,1,0.8833333333333329,0.025069637883008356,0,1.0,0.0,0.0033999087073215218,0
924,2541,1,1,31,0,1,0.36666666666666714,0.0030312960838931673,0,1.0,0.0,0.02101740056336511,1
925,2542,1,1,31,0,1,0.1666666666666714,0.004342126822873996,0,1.0,0.0,0.014360737199556658,1
926,2543,1,1,31,0,1,0.3333333333333357,0.004342126822873996,0,1.0,0.0,0.017037717950163497,1
927,2544,1,1,31,0,1,0.81666666666667,0.006226446010158939,0,1.0,0.0,0.02435288994781107,0
928,2545,1,1,31,0,1,0.9333333333333371,0.004587907586432903,0,1.0,0.0,0.02113669560572727,0
929,2546,1,1,31,1,1,0.9333333333333371,0.02482385711944945,0,1.0,0.0,0.13870043287709238,0
930,2548,1,1,31,0,1,0.9500000000000028,0.00016385384237260366,0,1.0,0.0,0.0019659822981283747,0
931,2550,1,1,31,0,1,0.8000000000000043,0.0,0,1.0,0.0,0.0011070579931208324,1
932,2551,1,1,31,1,1,0.8000000000000043,0.024496149434704243,0,1.0,0.0,0.16706640804996647,0
933,2552,1,1,56,1,1,0.8333333333333357,0.024905784040635755,0,1.0,0.0,0.017153295759005652,0
934,2553,1,1,31,0,1,0.7000000000000028,0.0013927576601671311,0,1.0,0.0,0.007548990280677399,0
935,2554,1,1,53,0,1,0.8833333333333329,0.0024578076355890547,0,1.0,0.0,0.038242383099227034,0
936,2555,1,1,69,1,2,0.9166666666666714,0.025069637883008356,1,1.0,0.0,0.10921659873796201,0
937,2557,1,1,31,0,1,0.56666666666667,0.0010650499754219238,0,1.0,0.0,0.00535396150121368,1
938,2558,1,5,31,0,1,0.6000000000000014,0.001884319187284942,0,1.0,0.0,0.009171402856802758,1
939,2559,1,1,55,0,1,0.4333333333333371,0.00811076519744388,0,1.0,0.0,0.057267146080198374,1
940,2560,1,1,31,0,1,0.7333333333333343,0.0018023922660986402,0,1.0,0.0,0.013969449460608779,1
941,2561,1,1,31,1,1,0.4333333333333371,0.024004587907586434,0,1.0,0.0,0.11898659310062706,1
942,2562,0,1,8,0,2,0.6166666666666671,0.008684253645747993,0,1.0,0.0,0.18193639192635871,0
943,2563,1,1,31,1,1,0.8666666666666671,0.024168441749959038,0,1.0,0.0,0.022634202693648176,1
944,2564,1,1,31,1,1,0.6666666666666714,0.02425036867114534,0,1.0,0.0,0.08922369684070057,0
945,2565,1,1,191,0,2,0.8000000000000043,0.010896280517778143,0,1.0,0.0,0.0862706721338694,0
946,2566,1,1,31,1,1,0.8833333333333329,0.025069637883008356,0,1.0,0.0,0.012381632446768447,0
947,2567,1,1,31,1,1,0.8333333333333357,0.024905784040635755,0,1.0,0.0,0.0924470488853261,1
948,2568,0,1,30,0,1,0.8666666666666671,0.0044240537440602985,0,1.0,0.0,0.017772575411114395,0
949,2569,1,1,22,1,2,0.75,0.024332295592331642,1,1.0,0.0,0.28251070188070854,0
950,2570,1,1,31,0,1,0.81666666666667,0.0008192692118630182,0,1.0,0.0,0.0035883948742537323,1
951,2572,1,1,192,1,2,0.81666666666667,0.02343109945928232,0,1.0,0.0,0.25789431304332794,1
952,2573,1,1,7,1,2,0.9000000000000057,0.02343109945928232,0,1.0,0.0,0.2380461613645679,0
953,2574,1,1,33,1,2,0.81666666666667,0.02343109945928232,0,1.0,0.0,0.3449479710300388,0
954,2575,1,5,6,0,2,0.30000000000000426,0.0010650499754219238,0,1.0,0.0,0.0700071026598092,1
955,2576,1,1,4,1,1,0.4833333333333343,0.023594953301654925,0,1.0,0.0,0.010067816821823032,1
956,2577,1,1,4,1,1,0.7333333333333343,0.023594953301654925,0,1.0,0.0,0.017667595773835698,1
957,2578,1,1,4,1,1,0.46666666666666856,0.023594953301654925,0,1.0,0.0,0.010067816821823032,1
958,2579,1,1,4,1,1,0.6833333333333371,0.023594953301654925,0,1.0,0.0,0.23835297151221746,1
959,2580,1,1,4,1,1,0.81666666666667,0.023594953301654925,0,1.0,0.0,0.04541850956729897,1
960,2581,1,1,4,1,1,0.6833333333333371,0.023594953301654925,0,1.0,0.0,0.23835297151221746,1
961,2582,1,1,4,1,1,0.4333333333333371,0.023594953301654925,0,1.0,0.0,0.021661184610125468,1
962,2586,1,1,31,1,1,0.8666666666666671,0.024004587907586434,0,1.0,0.0,0.005683215818133238,0
963,2588,1,1,31,0,1,0.9333333333333371,0.013436015074553498,0,1.0,0.0,0.10372226753220247,0
964,2592,1,5,22,0,2,0.8500000000000014,0.012043257414386369,0,1.0,0.0,0.09279961345352322,1
965,2593,1,1,8,0,2,0.8500000000000014,0.0012289038177945273,0,1.0,0.0,0.015540484047889602,0
966,2594,1,3,8,1,2,0.8500000000000014,0.02113714566606587,0,1.0,0.0,0.27072812141866587,0
967,2597,1,1,22,1,2,0.8000000000000043,0.02105521874487957,0,1.0,0.0,0.1212204643458839,0
968,2598,1,1,4,1,1,0.6833333333333371,0.020727511060134363,0,0.0,1.0,0.23835297151221746,1
969,2599,1,1,124,1,1,0.36666666666666714,0.020563657217761756,0,1.0,0.0,0.07298828576843953,1
970,2600,1,1,56,0,1,0.6666666666666714,0.0006554153694904146,0,1.0,0.0,0.09577692782392977,1
971,2601,1,1,90,0,2,0.6833333333333371,0.009913157463542521,0,1.0,0.0,0.13691123151633966,1
972,2602,1,1,31,1,1,0.31666666666667,0.020481730296575455,0,1.0,0.0,0.05237708482431757,1
973,2603,1,1,31,1,1,0.56666666666667,0.02039980337538915,0,1.0,0.0,0.031280353057781624,1
974,2604,1,1,78,0,2,0.7166666666666686,0.011387842044895954,0,1.0,0.0,0.14181396667752103,1
975,2606,1,1,1,1,1,0.75,0.020072095690643946,0,1.0,0.0,0.03010052508881987,1
976,2607,1,1,31,1,1,0.56666666666667,0.019826314927085042,0,1.0,0.0,0.01630047458836536,1
977,2614,1,1,31,1,1,0.8666666666666671,0.018105849582172703,0,1.0,0.0,0.0,0
978,2615,1,1,31,1,1,0.8666666666666671,0.018105849582172703,0,1.0,0.0,0.005683215818133238,0
979,2616,1,1,31,1,1,0.8666666666666671,0.018105849582172703,0,1.0,0.0,0.005683215818133238,0
980,2617,1,1,31,1,1,0.8666666666666671,0.018105849582172703,0,1.0,0.0,0.011366431636266477,0
981,2637,1,1,24,1,1,0.5452380952380977,0.015975749631328855,0,1.0,0.0,0.13878546638328815,1
982,2642,1,1,104,0,3,0.31666666666667,0.009257742094052106,0,1.0,0.0,0.22091115592145721,1
983,2643,1,1,54,1,1,0.6666666666666714,0.0135179419957398,1,1.0,0.0,0.14475021850139608,1
984,2701,0,1,143,1,2,0.8333333333333357,0.010486645911846634,0,1.0,0.0,0.062241787521113943,0
985,2705,1,1,31,1,1,0.56666666666667,0.010240865148287728,0,1.0,0.0,0.04626023152719789,1
986,2709,0,1,33,1,2,0.7166666666666686,0.009995084384728823,0,1.0,0.0,0.1674468399400594,1
987,2715,1,1,38,1,2,0.31666666666667,0.009995084384728823,0,1.0,0.0,0.021908138470269792,1
988,2734,1,1,8,1,2,0.7000000000000028,0.007946911355071277,0,1.0,0.0,0.06448254924801762,0
989,2737,1,1,78,1,2,0.6333333333333329,0.007864984433884975,0,1.0,0.0,0.07643392742320101,1
990,2771,1,1,198,1,2,0.5833333333333357,0.007127642143208259,0,1.0,0.0,0.38042834464426495,1
991,2831,1,1,111,1,2,0.8333333333333357,0.0055710306406685246,0,1.0,0.0,0.030127566889022524,0
992,2836,0,1,17,0,2,0.7833333333333385,0.004178272980501393,0,1.0,0.0,0.03534473515106037,0
993,2890,1,1,8,1,2,0.8000000000000043,0.0033590037686383745,0,1.0,0.0,0.04581089004883488,0
994,2972,1,1,201,1,2,0.8500000000000014,0.0022120268720301492,0,1.0,0.0,0.025863962074998973,0
995,2973,1,1,8,1,2,0.7333333333333343,0.0019662461084712438,0,1.0,0.0,0.033797876897064656,0
996,3041,1,1,104,1,3,0.5500000000000043,0.0009831230542356219,0,1.0,0.0,0.013151877589085655,1
