,Gender,Religion_ID,Designation_ID,Status,Employment_Category,Year_of_Birth,ages_in_the_company,reported,Marital_Status_Married,Marital_Status_Single,Employment_Type_Contarct Basis,Employment_Type_Permanant
0,1,1,24,1,2,1965.0,29.084931506849315,0,1.0,0.0,0.0,1.0
1,1,1,24,1,2,1973.0,27.82191780821918,0,1.0,0.0,0.0,1.0
2,1,1,23,0,2,1974.0,33.441095890410956,0,1.0,0.0,0.0,1.0
3,0,4,40,0,2,1974.0,22.350684931506848,0,1.0,0.0,0.0,1.0
4,1,1,7,1,2,1980.0,21.945205479452056,0,1.0,0.0,0.0,1.0
5,1,1,22,0,2,1962.0,19.27123287671233,0,1.0,0.0,0.0,1.0
6,1,1,22,1,2,1969.0,19.156164383561645,1,1.0,0.0,0.0,1.0
7,1,1,126,1,2,1981.0,18.887671232876713,0,1.0,0.0,0.0,1.0
8,0,1,23,1,2,1974.0,17.5972602739726,0,0.0,1.0,0.0,1.0
9,1,1,41,0,2,1967.0,15.597260273972603,0,1.0,0.0,0.0,1.0
10,1,1,42,0,3,1976.0,14.693150684931506,0,1.0,0.0,0.0,1.0
11,1,3,7,1,2,1986.0,16.17808219178082,0,0.0,1.0,0.0,1.0
12,1,1,24,0,2,1975.0,14.005479452054795,0,1.0,0.0,0.0,1.0
13,1,1,43,0,2,1984.0,15.147945205479452,0,1.0,0.0,0.0,1.0
14,1,1,44,0,2,1973.0,14.136986301369863,0,1.0,0.0,0.0,1.0
15,0,1,45,0,3,1963.0,10.75068493150685,0,0.0,1.0,1.0,0.0
16,1,1,46,0,2,1981.0,12.416438356164383,0,1.0,0.0,1.0,0.0
17,1,1,35,1,2,1990.0,12.191780821917808,0,1.0,0.0,1.0,0.0
18,1,1,7,1,2,1961.0,11.783561643835617,0,1.0,0.0,1.0,0.0
19,1,5,48,1,2,1982.0,11.169863013698631,1,0.0,1.0,1.0,0.0
20,1,1,33,0,2,1965.0,11.12054794520548,0,1.0,0.0,1.0,0.0
21,1,1,27,0,2,1991.0,10.942465753424658,0,0.0,1.0,1.0,0.0
22,1,1,24,1,2,1978.0,10.931506849315069,0,1.0,0.0,1.0,0.0
23,1,5,22,1,2,1982.0,10.8,1,1.0,0.0,1.0,0.0
24,1,1,24,1,2,1994.0,10.621917808219179,0,1.0,0.0,1.0,0.0
25,1,1,8,1,2,1989.0,10.580821917808219,0,1.0,0.0,1.0,0.0
26,1,1,49,1,2,1986.0,10.495890410958904,0,1.0,0.0,1.0,0.0
27,1,1,22,0,2,1989.0,10.126027397260273,0,1.0,0.0,1.0,0.0
28,1,1,24,1,2,1994.0,10.054794520547945,0,1.0,0.0,1.0,0.0
29,1,1,37,0,2,1960.0,9.942465753424658,0,1.0,0.0,1.0,0.0
30,1,5,22,1,2,1989.0,9.90958904109589,1,1.0,0.0,1.0,0.0
31,1,5,6,1,2,1965.0,9.758904109589041,1,1.0,0.0,1.0,0.0
32,1,1,46,0,2,1993.0,8.479452054794521,0,1.0,0.0,1.0,0.0
33,1,1,67,1,2,1993.0,9.36986301369863,0,0.0,1.0,1.0,0.0
34,1,3,27,0,2,1989.0,7.594520547945206,0,1.0,0.0,1.0,0.0
35,1,3,27,1,2,1988.0,8.942465753424658,0,0.0,1.0,1.0,0.0
36,1,1,7,1,2,1972.0,8.854794520547944,0,1.0,0.0,1.0,0.0
37,1,1,24,0,2,1995.0,8.863013698630137,0,0.0,1.0,1.0,0.0
38,1,1,43,0,2,1992.0,8.67123287671233,0,1.0,0.0,1.0,0.0
39,1,1,36,1,2,1987.0,8.583561643835617,1,0.0,1.0,1.0,0.0
40,1,1,27,0,2,1986.7142857142858,8.56986301369863,0,0.0,0.0,1.0,0.0
41,1,3,8,0,2,1990.0,8.295890410958904,0,0.0,1.0,1.0,0.0
42,1,1,8,1,2,1990.0,8.257534246575343,0,0.0,1.0,1.0,0.0
43,1,1,52,0,2,1995.0,6.317808219178082,0,0.0,1.0,1.0,0.0
44,1,1,24,1,2,1992.7142857142858,7.684931506849315,0,1.0,0.0,1.0,0.0
45,1,1,35,0,2,1997.0,7.676712328767123,0,0.0,1.0,1.0,0.0
46,1,3,54,0,2,1985.0,6.586301369863014,0,0.0,1.0,1.0,0.0
47,1,4,36,0,2,1982.0,6.153424657534247,0,0.0,0.0,1.0,0.0
48,1,3,27,0,2,1986.0,5.8191780821917805,0,1.0,0.0,1.0,0.0
49,1,1,22,0,2,1988.0,5.772602739726027,0,1.0,0.0,1.0,0.0
50,1,1,24,1,2,1995.0,7.33972602739726,0,1.0,0.0,1.0,0.0
51,1,1,24,0,2,1997.0,6.6657534246575345,0,0.0,1.0,1.0,0.0
52,0,1,8,0,2,1981.0,5.235616438356164,0,1.0,0.0,1.0,0.0
53,1,1,57,1,2,1987.0,6.6438356164383565,0,0.0,0.0,1.0,0.0
54,1,1,24,0,2,1988.0,6.605479452054794,0,0.0,1.0,1.0,0.0
55,1,1,38,0,2,1965.0,6.046575342465753,0,1.0,0.0,1.0,0.0
56,1,1,58,0,2,1962.0,1.3150684931506849,0,1.0,0.0,1.0,0.0
57,0,1,48,1,2,1980.0,6.298630136986302,0,1.0,0.0,1.0,0.0
58,1,1,62,1,1,1947.0,4.002739726027397,0,1.0,0.0,1.0,0.0
59,1,1,63,0,2,1993.0,5.906849315068493,0,1.0,0.0,1.0,0.0
60,1,1,64,0,2,1972.0,4.589041095890411,0,1.0,0.0,1.0,0.0
61,1,1,22,1,2,1988.0,6.049315068493151,1,0.0,1.0,1.0,0.0
62,1,3,27,1,2,1981.0,6.049315068493151,0,1.0,0.0,1.0,0.0
63,1,1,8,0,2,1991.0,5.010958904109589,0,1.0,0.0,1.0,0.0
64,1,1,59,1,2,1991.0,5.961643835616439,0,0.0,1.0,1.0,0.0
65,1,1,113,1,2,1981.0,5.978082191780822,0,0.0,1.0,1.0,0.0
66,0,1,59,0,2,1989.0,4.556164383561644,0,0.0,1.0,1.0,0.0
67,1,1,6,0,2,1966.0,5.876712328767123,0,1.0,0.0,1.0,0.0
68,1,1,31,0,1,1955.0,2.4136986301369863,0,1.0,0.0,1.0,0.0
69,1,1,31,0,1,1966.0,1.9424657534246574,0,1.0,0.0,1.0,0.0
70,1,1,31,0,1,1976.0,0.34794520547945207,0,1.0,0.0,1.0,0.0
71,1,1,22,0,3,1985.0,5.841095890410959,0,0.0,1.0,1.0,0.0
72,1,1,7,1,2,1961.0,5.780821917808219,0,1.0,0.0,1.0,0.0
73,1,3,49,0,2,1992.142857142857,4.904109589041096,1,0.0,1.0,1.0,0.0
74,1,1,30,0,1,1973.7142857142858,4.002739726027397,0,1.0,0.0,1.0,0.0
75,1,1,31,0,1,1967.0,2.5863013698630137,0,1.0,0.0,1.0,0.0
76,1,1,30,0,1,1955.0,2.8383561643835615,0,1.0,0.0,1.0,0.0
77,1,1,1,0,1,1977.142857142857,4.002739726027397,0,1.0,0.0,1.0,0.0
78,1,1,31,0,1,1976.0,3.4136986301369863,0,1.0,0.0,1.0,0.0
79,1,3,31,1,1,1975.857142857143,4.002739726027397,0,1.0,0.0,1.0,0.0
80,1,1,1,0,1,1992.0,0.9123287671232877,0,0.0,1.0,1.0,0.0
81,1,1,31,0,1,1959.0,1.9095890410958904,0,1.0,0.0,1.0,0.0
82,1,5,22,0,2,1985.0,4.654794520547945,0,1.0,0.0,1.0,0.0
83,0,1,70,0,2,1992.0,5.635616438356164,0,1.0,0.0,1.0,0.0
84,1,3,69,0,2,1989.0,5.493150684931507,0,0.0,0.0,1.0,0.0
85,0,1,59,1,2,1984.0,5.578082191780822,0,0.0,1.0,1.0,0.0
86,1,1,22,0,2,1986.0,3.9287671232876713,1,1.0,0.0,1.0,0.0
87,1,1,1,0,1,1983.0,1.252054794520548,0,1.0,0.0,1.0,0.0
88,1,1,124,1,1,1992.0,4.002739726027397,0,1.0,0.0,1.0,0.0
89,1,3,31,0,1,1995.0,4.002739726027397,0,0.0,1.0,1.0,0.0
90,1,1,29,1,1,1957.0,4.002739726027397,0,1.0,0.0,1.0,0.0
91,1,1,22,1,2,1988.0,5.506849315068493,1,1.0,0.0,1.0,0.0
92,1,1,31,0,1,1958.0,0.8986301369863013,0,1.0,0.0,1.0,0.0
93,1,3,31,0,1,1991.0,2.1671232876712327,0,1.0,0.0,1.0,0.0
94,1,1,37,0,2,1959.0,3.841095890410959,0,1.0,0.0,1.0,0.0
95,1,1,24,0,2,1986.7142857142858,5.315068493150685,0,0.0,0.0,1.0,0.0
96,0,3,8,0,2,1993.0,5.298630136986302,0,1.0,0.0,1.0,0.0
97,1,3,8,0,2,1991.0,4.4082191780821915,0,0.0,1.0,1.0,0.0
98,1,1,24,0,2,1994.0,5.252054794520548,0,0.0,1.0,1.0,0.0
99,0,1,65,0,2,1994.0,3.2164383561643834,0,0.0,1.0,1.0,0.0
100,1,1,8,0,2,1992.0,5.03013698630137,0,0.0,1.0,1.0,0.0
101,1,1,72,1,2,1990.0,4.964383561643835,0,0.0,1.0,1.0,0.0
102,0,1,8,1,2,1993.0,4.964383561643835,0,0.0,1.0,1.0,0.0
103,1,1,1,0,1,1977.142857142857,4.002739726027397,0,1.0,0.0,1.0,0.0
104,1,1,1,0,1,1980.142857142857,1.915068493150685,0,1.0,0.0,1.0,0.0
105,0,1,31,1,1,1970.0,4.002739726027397,0,1.0,0.0,1.0,0.0
106,1,1,1,0,1,1994.0,3.9808219178082194,0,1.0,0.0,1.0,0.0
107,1,3,31,0,1,1997.0,3.032876712328767,0,0.0,1.0,1.0,0.0
108,1,5,69,0,2,1997.0,4.876712328767123,0,0.0,1.0,1.0,0.0
109,1,1,107,1,2,1991.0,4.86027397260274,1,0.0,0.0,1.0,0.0
110,1,5,27,0,2,1994.0,4.7095890410958905,0,0.0,1.0,1.0,0.0
111,1,1,43,0,2,1993.0,4.704109589041096,0,0.0,1.0,1.0,0.0
112,0,1,88,0,2,1995.0,3.252054794520548,0,0.0,1.0,1.0,0.0
113,0,1,111,0,2,1994.0,3.197260273972603,0,0.0,1.0,1.0,0.0
114,1,1,89,1,2,1990.0,3.6986301369863015,0,0.0,1.0,1.0,0.0
115,1,1,97,0,3,1978.0,3.5753424657534247,0,1.0,0.0,1.0,0.0
116,1,1,101,0,2,2001.0,0.4849315068493151,0,0.0,1.0,1.0,0.0
117,1,1,24,0,2,1973.0,3.334246575342466,0,1.0,0.0,1.0,0.0
118,0,1,175,1,2,1984.0,3.219178082191781,0,0.0,1.0,1.0,0.0
119,1,1,17,0,2,1996.0,3.1890410958904107,0,0.0,1.0,1.0,0.0
120,1,1,78,0,2,1992.0,4.457534246575342,0,0.0,1.0,1.0,0.0
121,1,1,193,0,3,1993.142857142857,3.717808219178082,0,1.0,0.0,1.0,0.0
122,1,1,127,1,3,1972.0,4.16986301369863,0,1.0,0.0,1.0,0.0
123,1,1,110,1,3,1981.7142857142858,4.16986301369863,0,1.0,0.0,1.0,0.0
124,1,1,79,0,2,1995.0,4.041095890410959,0,0.0,1.0,1.0,0.0
125,0,1,84,0,2,1992.0,3.947945205479452,0,1.0,0.0,1.0,0.0
126,1,1,88,0,2,1998.0,1.7397260273972603,0,0.0,1.0,1.0,0.0
127,1,1,88,0,2,1997.0,3.813698630136986,0,0.0,1.0,1.0,0.0
128,1,1,113,0,2,1995.0,2.347945205479452,0,0.0,1.0,1.0,0.0
129,1,1,45,0,3,1966.0,2.3013698630136985,1,1.0,0.0,1.0,0.0
130,1,4,98,0,2,1985.0,3.558904109589041,0,0.0,1.0,1.0,0.0
131,0,1,84,0,2,1990.0,1.5698630136986302,0,1.0,0.0,1.0,0.0
132,1,1,24,0,2,1992.0,1.736986301369863,0,0.0,1.0,1.0,0.0
133,0,1,104,0,2,1983.0,3.16986301369863,0,1.0,0.0,1.0,0.0
134,0,1,143,0,2,1999.0,2.419178082191781,0,0.0,1.0,1.0,0.0
135,1,1,22,1,2,1965.0,23.49041095890411,1,1.0,0.0,0.0,1.0
136,1,1,7,1,2,1981.0,19.27123287671233,0,1.0,0.0,0.0,1.0
137,1,1,36,1,2,1988.0,3.3972602739726026,1,1.0,0.0,1.0,0.0
138,1,1,8,0,2,1990.0,3.410958904109589,0,1.0,0.0,1.0,0.0
139,1,1,22,0,2,1985.142857142857,3.421917808219178,0,1.0,0.0,1.0,0.0
140,1,1,36,0,2,1961.0,3.421917808219178,0,1.0,0.0,1.0,0.0
141,1,5,22,0,2,1984.2857142857142,3.421917808219178,0,0.0,1.0,1.0,0.0
142,1,1,22,0,2,1995.0,3.421917808219178,0,0.0,0.0,1.0,0.0
143,1,1,22,0,2,1991.0,3.3835616438356166,0,0.0,0.0,1.0,0.0
144,1,1,22,0,2,1992.0,3.419178082191781,0,0.0,1.0,1.0,0.0
145,1,1,27,0,2,1993.0,3.421917808219178,0,1.0,0.0,1.0,0.0
146,1,1,22,1,2,1991.0,3.3643835616438356,1,0.0,1.0,1.0,0.0
147,0,1,157,1,2,1988.0,3.0876712328767124,0,0.0,1.0,1.0,0.0
148,1,1,22,0,2,1961.0,2.96986301369863,0,1.0,0.0,1.0,0.0
149,0,1,48,0,2,1996.0,1.832876712328767,1,0.0,1.0,1.0,0.0
150,1,3,22,0,2,1993.0,2.989041095890411,0,0.0,1.0,1.0,0.0
151,1,1,33,0,2,1981.0,1.5452054794520549,1,1.0,0.0,1.0,0.0
152,1,1,6,0,2,1984.0,3.084931506849315,1,1.0,0.0,1.0,0.0
153,1,1,7,1,2,1996.0,3.0794520547945203,0,1.0,0.0,1.0,0.0
154,0,1,89,0,2,1993.0,1.4136986301369863,0,0.0,1.0,1.0,0.0
155,1,3,22,0,2,1994.0,1.2602739726027397,0,0.0,1.0,1.0,0.0
156,0,1,84,0,2,1986.0,3.0191780821917806,0,1.0,0.0,1.0,0.0
157,1,3,9,0,2,1995.0,2.7041095890410958,0,1.0,0.0,1.0,0.0
158,1,1,27,0,2,1971.0,2.334246575342466,0,1.0,0.0,1.0,0.0
159,1,1,7,0,2,1946.0,2.084931506849315,0,1.0,0.0,1.0,0.0
160,1,1,33,0,2,1986.2857142857142,2.6794520547945204,0,1.0,0.0,1.0,0.0
161,1,3,8,0,2,1993.0,2.6027397260273974,0,0.0,1.0,1.0,0.0
162,1,5,33,0,2,1994.0,3.695890410958904,0,0.0,1.0,1.0,0.0
163,1,1,64,0,2,1984.0,2.5972602739726027,0,1.0,0.0,1.0,0.0
164,1,1,27,0,2,1991.0,2.021917808219178,1,0.0,1.0,1.0,0.0
165,1,1,27,1,2,1993.0,3.4465753424657533,1,0.0,1.0,1.0,0.0
166,1,1,8,0,2,1987.0,2.419178082191781,1,0.0,1.0,1.0,0.0
167,1,1,36,0,2,1990.0,3.2986301369863016,0,0.0,1.0,1.0,0.0
168,1,1,108,1,2,1992.0,3.2986301369863016,1,0.0,1.0,1.0,0.0
169,1,1,6,0,2,1965.0,2.7013698630136984,1,1.0,0.0,1.0,0.0
170,0,1,48,0,2,1993.0,2.1671232876712327,0,0.0,1.0,1.0,0.0
171,1,1,22,1,2,1990.0,3.334246575342466,1,0.0,1.0,1.0,0.0
172,1,1,6,0,2,1981.0,2.4657534246575343,0,1.0,0.0,1.0,0.0
173,1,1,48,0,2,1993.0,2.621917808219178,0,0.0,1.0,1.0,0.0
174,1,1,27,0,2,1989.0,1.6904109589041096,0,0.0,1.0,1.0,0.0
175,1,1,33,0,2,1992.0,4.019178082191781,0,0.0,1.0,1.0,0.0
176,1,1,33,0,2,1990.0,3.4876712328767123,0,1.0,0.0,1.0,0.0
177,1,1,64,1,2,1971.0,3.336986301369863,0,1.0,0.0,1.0,0.0
178,1,3,27,0,2,1996.0,3.2958904109589042,0,0.0,1.0,1.0,0.0
179,1,3,36,1,2,1994.0,3.2958904109589042,0,0.0,1.0,1.0,0.0
180,1,1,22,0,2,1989.0,3.2684931506849315,0,1.0,0.0,1.0,0.0
181,1,3,22,0,2,1989.0,2.9917808219178084,0,0.0,1.0,1.0,0.0
182,1,1,8,0,2,1966.0,3.2684931506849315,0,1.0,0.0,1.0,0.0
183,1,1,22,0,2,1987.0,3.254794520547945,0,1.0,0.0,1.0,0.0
184,1,3,7,0,2,1952.0,1.5561643835616439,0,1.0,0.0,1.0,0.0
185,1,3,22,0,2,1985.0,3.5123287671232877,0,1.0,0.0,1.0,0.0
186,1,1,8,0,2,1996.0,2.5643835616438357,0,0.0,1.0,1.0,0.0
187,1,3,33,0,2,1987.0,2.241095890410959,0,0.0,1.0,1.0,0.0
188,1,3,36,1,2,1987.0,3.1561643835616437,0,1.0,0.0,1.0,0.0
189,1,4,6,0,2,1971.0,3.1232876712328768,1,1.0,0.0,1.0,0.0
190,1,1,64,1,2,1968.0,3.1205479452054794,0,1.0,0.0,1.0,0.0
191,1,3,6,0,2,1969.0,3.117808219178082,1,1.0,0.0,1.0,0.0
192,1,3,33,0,2,1987.0,3.117808219178082,0,1.0,0.0,1.0,0.0
193,1,1,7,1,2,1976.0,3.1041095890410957,0,1.0,0.0,1.0,0.0
194,1,1,64,0,2,1969.0,3.117808219178082,0,1.0,0.0,1.0,0.0
195,1,1,54,0,2,1981.0,3.1123287671232878,0,0.0,1.0,1.0,0.0
196,1,1,35,0,2,1992.0,1.7863013698630137,0,1.0,0.0,1.0,0.0
197,1,1,8,0,2,1988.0,3.084931506849315,0,1.0,0.0,1.0,0.0
198,1,3,8,1,2,1981.0,17.104109589041094,0,1.0,0.0,1.0,0.0
199,1,1,102,0,2,1978.0,4.087671232876712,0,1.0,0.0,1.0,0.0
200,1,1,39,0,2,1993.0,2.6575342465753424,0,0.0,1.0,1.0,0.0
201,1,1,7,0,2,1993.0,3.671232876712329,0,0.0,1.0,1.0,0.0
202,1,1,8,1,2,1988.0,3.4684931506849317,0,1.0,0.0,1.0,0.0
203,1,1,7,0,2,1994.0,4.542465753424658,0,0.0,1.0,1.0,0.0
204,1,1,80,0,2,1985.0,4.210958904109589,0,1.0,0.0,1.0,0.0
205,1,1,6,0,2,1983.0,2.3863013698630136,0,1.0,0.0,1.0,0.0
206,1,1,36,0,2,1986.0,4.389041095890411,0,0.0,1.0,1.0,0.0
207,1,1,22,0,2,1987.0,3.3068493150684932,0,1.0,0.0,1.0,0.0
208,1,3,6,0,2,1991.0,3.6356164383561644,0,0.0,1.0,1.0,0.0
209,1,5,24,0,2,1976.0,3.16986301369863,0,1.0,0.0,1.0,0.0
210,1,5,73,1,2,1978.0,3.1232876712328768,1,1.0,0.0,1.0,0.0
211,1,1,48,0,2,1991.7142857142858,6.093150684931507,0,1.0,0.0,1.0,0.0
212,1,1,37,0,2,1980.0,5.046575342465753,0,1.0,0.0,1.0,0.0
213,1,1,31,0,1,1958.0,3.6986301369863015,0,0.0,1.0,1.0,0.0
214,1,1,55,0,1,1976.0,2.495890410958904,0,1.0,0.0,1.0,0.0
215,1,1,31,0,1,1993.0,1.9917808219178081,0,0.0,1.0,1.0,0.0
216,1,1,31,0,1,1971.0,2.0,0,1.0,0.0,1.0,0.0
217,1,1,31,0,1,1955.0,0.4821917808219178,0,1.0,0.0,1.0,0.0
218,1,1,55,0,1,1991.0,2.0,0,1.0,0.0,1.0,0.0
219,1,1,22,0,2,1978.0,22.578082191780823,0,1.0,0.0,0.0,1.0
220,1,1,31,0,1,1972.0,1.9095890410958904,0,1.0,0.0,1.0,0.0
221,1,1,31,0,1,1954.0,3.9178082191780823,0,1.0,0.0,1.0,0.0
222,1,1,99,0,2,1959.0,3.526027397260274,0,1.0,0.0,1.0,0.0
223,1,1,7,0,2,1974.0,2.6356164383561644,0,1.0,0.0,1.0,0.0
224,1,1,22,0,2,1991.0,3.824657534246575,0,0.0,1.0,1.0,0.0
225,1,1,6,0,2,1987.0,3.9835616438356163,0,1.0,0.0,1.0,0.0
226,1,1,99,0,2,1955.0,3.8164383561643835,0,1.0,0.0,1.0,0.0
227,1,1,31,0,1,1965.0,1.8164383561643835,0,1.0,0.0,1.0,0.0
228,1,1,31,0,1,1981.0,2.336986301369863,0,1.0,0.0,1.0,0.0
229,1,1,122,1,1,1958.0,2.5863013698630137,0,1.0,0.0,1.0,0.0
230,1,1,22,1,2,1986.0,6.03013698630137,1,1.0,0.0,1.0,0.0
231,1,1,122,1,1,1991.0,3.336986301369863,0,0.0,1.0,1.0,0.0
232,1,1,31,0,1,1992.0,1.263013698630137,0,0.0,1.0,1.0,0.0
233,1,1,122,0,1,1961.0,1.1232876712328768,0,1.0,0.0,1.0,0.0
234,1,1,122,0,1,1981.0,1.4712328767123288,0,1.0,0.0,1.0,0.0
235,1,1,48,0,2,1994.0,3.736986301369863,0,0.0,1.0,1.0,0.0
236,1,1,31,0,1,1999.0,0.8794520547945206,0,0.0,1.0,1.0,0.0
237,1,1,24,0,2,1972.0,4.23013698630137,0,1.0,0.0,1.0,0.0
238,1,5,65,0,2,1994.0,3.632876712328767,0,0.0,1.0,1.0,0.0
239,1,1,86,1,2,1993.0,3.852054794520548,0,0.0,1.0,1.0,0.0
240,1,1,33,0,2,1992.0,2.3589041095890413,0,0.0,1.0,1.0,0.0
241,1,3,6,0,2,1962.0,0.6986301369863014,1,1.0,0.0,1.0,0.0
242,0,1,125,1,2,1993.0,2.4794520547945207,0,0.0,1.0,1.0,0.0
243,1,1,31,0,1,1958.0,1.1561643835616437,0,1.0,0.0,1.0,0.0
244,0,1,125,1,2,1996.0,2.4986301369863013,0,0.0,1.0,1.0,0.0
245,0,1,125,0,2,1993.0,4.638356164383562,0,0.0,1.0,1.0,0.0
246,1,1,31,0,1,1967.0,0.8767123287671232,0,1.0,0.0,1.0,0.0
247,0,1,22,0,2,1970.0,1.5808219178082192,0,1.0,0.0,1.0,0.0
248,1,1,24,0,2,1978.0,2.9013698630136986,0,1.0,0.0,1.0,0.0
249,1,1,22,0,2,1991.0,1.2575342465753425,0,1.0,0.0,1.0,0.0
250,1,1,124,0,1,1964.0,2.835616438356164,0,1.0,0.0,1.0,0.0
251,1,5,27,0,2,1993.0,4.7095890410958905,0,0.0,1.0,1.0,0.0
252,1,1,51,0,2,2000.0,2.3589041095890413,0,0.0,1.0,1.0,0.0
253,1,1,80,0,2,1985.0,4.002739726027397,0,1.0,0.0,1.0,0.0
254,1,3,33,0,2,1987.0,3.558904109589041,0,1.0,0.0,1.0,0.0
255,1,3,36,0,2,1991.0,1.3945205479452054,0,0.0,1.0,1.0,0.0
256,1,1,8,1,2,1987.0,12.578082191780823,0,1.0,0.0,1.0,0.0
257,1,1,64,0,2,1976.0,3.1013698630136988,0,1.0,0.0,1.0,0.0
258,1,1,1,0,1,1978.0,0.7452054794520548,0,1.0,0.0,1.0,0.0
259,1,1,31,0,1,1971.0,2.421917808219178,0,1.0,0.0,1.0,0.0
260,1,1,31,0,1,1974.0,1.978082191780822,0,1.0,0.0,1.0,0.0
261,1,1,31,0,1,1984.0,2.073972602739726,0,0.0,1.0,1.0,0.0
262,1,1,31,0,1,1984.0,0.1726027397260274,0,1.0,0.0,1.0,0.0
263,1,1,31,0,1,1986.0,0.19726027397260273,0,1.0,0.0,1.0,0.0
264,1,1,1,0,1,1975.0,2.317808219178082,0,1.0,0.0,1.0,0.0
265,1,1,7,1,2,1994.0,5.917808219178082,0,0.0,1.0,1.0,0.0
266,1,1,135,1,1,1951.0,3.254794520547945,0,1.0,0.0,1.0,0.0
267,1,1,37,0,1,1958.0,3.0684931506849313,0,1.0,0.0,1.0,0.0
268,1,1,43,0,1,1978.0,2.9945205479452053,0,1.0,0.0,1.0,0.0
269,1,1,31,0,1,1999.0,2.9068493150684933,0,0.0,1.0,1.0,0.0
270,1,1,102,0,2,1963.0,15.646575342465754,0,1.0,0.0,1.0,0.0
271,1,1,31,1,1,1994.142857142857,4.002739726027397,0,0.0,1.0,1.0,0.0
272,1,1,31,1,1,1975.7142857142858,3.8465753424657536,0,1.0,0.0,1.0,0.0
273,1,3,123,0,1,1982.142857142857,3.0027397260273974,0,1.0,0.0,1.0,0.0
274,1,1,123,0,1,1976.0,1.83013698630137,0,1.0,0.0,1.0,0.0
275,0,1,29,1,1,1968.2857142857142,2.9178082191780823,0,1.0,0.0,1.0,0.0
276,1,1,30,1,1,1967.0,2.0684931506849313,0,1.0,0.0,1.0,0.0
277,1,1,38,0,1,1993.0,1.9589041095890412,0,0.0,1.0,1.0,0.0
278,1,1,134,0,1,1952.0,1.4712328767123288,0,1.0,0.0,1.0,0.0
279,1,1,31,0,1,2003.0,3.0136986301369864,0,0.0,1.0,1.0,0.0
280,1,1,31,0,1,2003.0,3.0136986301369864,0,0.0,1.0,1.0,0.0
281,1,1,31,0,1,1993.0,2.9452054794520546,0,1.0,0.0,1.0,0.0
282,1,1,31,0,1,1964.0,2.8876712328767122,0,1.0,0.0,1.0,0.0
283,1,3,31,0,1,1998.857142857143,1.832876712328767,0,0.0,1.0,1.0,0.0
284,1,1,55,0,1,1997.0,1.126027397260274,0,0.0,1.0,1.0,0.0
285,1,1,31,0,1,2001.0,2.3835616438356166,0,0.0,1.0,1.0,0.0
286,1,1,31,0,1,1961.0,2.0191780821917806,0,1.0,0.0,1.0,0.0
287,1,1,31,0,1,1999.0,3.0356164383561643,0,0.0,1.0,1.0,0.0
288,1,4,31,0,1,1990.0,3.2164383561643834,0,1.0,0.0,1.0,0.0
289,1,4,31,1,1,2000.0,2.8109589041095893,0,0.0,1.0,1.0,0.0
290,1,3,31,0,1,2000.0,3.0246575342465754,0,0.0,1.0,1.0,0.0
291,1,3,31,0,1,1954.0,2.4136986301369863,0,1.0,0.0,1.0,0.0
292,1,3,31,0,1,1981.4285714285713,4.002739726027397,0,1.0,0.0,1.0,0.0
293,1,4,31,0,1,1961.0,2.4136986301369863,0,1.0,0.0,1.0,0.0
294,1,3,31,0,1,1996.0,4.002739726027397,0,0.0,1.0,1.0,0.0
295,1,4,31,0,1,2000.0,3.9178082191780823,0,0.0,1.0,1.0,0.0
296,1,4,31,0,1,1966.0,3.506849315068493,0,1.0,0.0,1.0,0.0
297,1,3,31,0,1,1995.0,3.589041095890411,0,0.0,1.0,1.0,0.0
298,1,1,31,0,1,1993.0,2.682191780821918,0,1.0,0.0,1.0,0.0
299,1,1,31,0,1,1968.0,4.002739726027397,0,1.0,0.0,1.0,0.0
300,1,1,31,0,1,1983.0,2.0575342465753423,0,0.0,1.0,1.0,0.0
301,1,1,1,0,1,1980.0,3.589041095890411,0,1.0,0.0,1.0,0.0
302,1,1,31,0,1,1992.0,3.1835616438356165,0,1.0,0.0,1.0,0.0
303,1,1,31,0,1,1995.0,0.2191780821917808,0,1.0,0.0,1.0,0.0
304,1,1,31,0,1,1999.0,0.2191780821917808,0,0.0,1.0,1.0,0.0
305,1,3,122,1,1,1985.0,2.5863013698630137,0,0.0,1.0,1.0,0.0
306,1,3,31,0,1,1978.0,3.276712328767123,0,1.0,0.0,1.0,0.0
307,1,3,31,0,1,1960.0,2.1397260273972605,0,1.0,0.0,1.0,0.0
308,1,4,31,1,1,1966.0,3.506849315068493,0,1.0,0.0,1.0,0.0
309,1,4,1,0,1,1992.0,3.506849315068493,0,1.0,0.0,1.0,0.0
310,1,1,30,0,1,1975.0,1.0383561643835617,0,1.0,0.0,1.0,0.0
311,1,3,122,0,1,1981.0,3.506849315068493,0,1.0,0.0,1.0,0.0
312,1,3,31,0,1,1998.0,2.0575342465753423,0,0.0,1.0,1.0,0.0
313,1,3,30,0,1,1998.0,3.208219178082192,0,0.0,1.0,1.0,0.0
314,1,3,31,0,1,1972.0,0.8712328767123287,0,1.0,0.0,1.0,0.0
315,1,3,31,0,1,1975.0,2.884931506849315,0,1.0,0.0,1.0,0.0
316,1,4,31,1,1,1996.0,2.8904109589041096,0,0.0,1.0,1.0,0.0
317,1,3,30,0,1,1974.7142857142858,3.3232876712328765,0,1.0,0.0,1.0,0.0
318,1,3,31,1,1,1981.0,2.5863013698630137,0,1.0,0.0,1.0,0.0
319,1,3,122,0,1,1982.142857142857,2.2383561643835614,0,1.0,0.0,1.0,0.0
320,1,3,122,0,1,1982.142857142857,2.3863013698630136,0,0.0,1.0,1.0,0.0
321,1,1,55,0,1,1970.0,3.1232876712328768,0,1.0,0.0,1.0,0.0
322,1,1,31,0,1,1996.0,2.96986301369863,0,0.0,1.0,1.0,0.0
323,1,1,31,0,1,1994.0,2.5616438356164384,0,1.0,0.0,1.0,0.0
324,1,1,31,0,1,1997.0,2.863013698630137,0,1.0,0.0,1.0,0.0
325,1,4,31,0,1,1978.142857142857,4.002739726027397,0,1.0,0.0,1.0,0.0
326,1,3,31,0,1,1996.4285714285713,3.0,0,0.0,1.0,1.0,0.0
327,1,1,1,0,1,1983.0,1.295890410958904,0,1.0,0.0,1.0,0.0
328,1,1,30,0,1,1989.4285714285713,3.421917808219178,0,0.0,1.0,1.0,0.0
329,1,4,122,1,1,1973.0,3.336986301369863,0,1.0,0.0,1.0,0.0
330,1,3,30,0,1,1982.0,3.326027397260274,0,1.0,0.0,1.0,0.0
331,1,4,38,0,1,1987.0,1.5753424657534247,0,1.0,0.0,1.0,0.0
332,1,3,31,0,1,1996.4285714285713,3.0876712328767124,0,0.0,1.0,1.0,0.0
333,1,3,122,0,1,1949.0,2.852054794520548,0,1.0,0.0,1.0,0.0
334,1,3,122,0,1,1995.0,2.673972602739726,0,0.0,1.0,1.0,0.0
335,1,1,30,0,1,1966.0,2.9753424657534246,0,0.0,1.0,1.0,0.0
336,1,1,1,0,1,1966.0,2.9726027397260273,0,1.0,0.0,1.0,0.0
337,1,1,30,0,1,1972.857142857143,2.9342465753424656,0,1.0,0.0,1.0,0.0
338,1,3,122,0,1,1986.0,1.2328767123287672,0,0.0,1.0,1.0,0.0
339,1,4,122,0,1,1982.142857142857,2.4273972602739726,0,0.0,1.0,1.0,0.0
340,1,3,122,0,1,1982.142857142857,2.9178082191780823,0,1.0,0.0,1.0,0.0
341,1,3,122,0,1,1983.142857142857,1.8027397260273972,0,0.0,1.0,1.0,0.0
342,1,3,30,0,1,1974.7142857142858,2.884931506849315,0,1.0,0.0,1.0,0.0
343,1,3,38,0,1,1992.2857142857142,1.8767123287671232,0,0.0,1.0,1.0,0.0
344,0,1,134,1,1,1959.4285714285713,2.5863013698630137,0,1.0,0.0,1.0,0.0
345,1,1,31,0,1,1970.0,3.2739726027397262,0,1.0,0.0,1.0,0.0
346,1,1,31,0,1,1989.0,1.841095890410959,0,1.0,0.0,1.0,0.0
347,1,1,31,0,1,1992.0,1.2136986301369863,0,0.0,1.0,1.0,0.0
348,1,1,31,0,1,1984.0,2.5123287671232877,0,1.0,0.0,1.0,0.0
349,1,1,29,0,1,1979.0,1.5506849315068494,0,1.0,0.0,1.0,0.0
350,1,1,135,1,1,1963.0,3.241095890410959,0,1.0,0.0,1.0,0.0
351,1,1,135,0,1,1960.0,2.5397260273972604,0,1.0,0.0,1.0,0.0
352,1,1,31,0,1,1971.0,1.021917808219178,0,1.0,0.0,1.0,0.0
353,1,1,31,0,1,1977.0,2.5863013698630137,0,1.0,0.0,1.0,0.0
354,1,1,31,0,1,1999.0,1.0356164383561643,0,1.0,0.0,1.0,0.0
355,1,1,31,0,1,1980.0,2.1397260273972605,0,1.0,0.0,1.0,0.0
356,1,1,31,0,1,1976.0,2.9287671232876713,0,1.0,0.0,1.0,0.0
357,1,1,31,0,1,1963.0,2.9287671232876713,0,1.0,0.0,1.0,0.0
358,1,1,31,0,1,1986.0,1.7589041095890412,0,1.0,0.0,1.0,0.0
359,1,1,31,0,1,1980.0,2.126027397260274,0,1.0,0.0,1.0,0.0
360,1,1,31,0,1,1982.0,1.0027397260273974,0,1.0,0.0,1.0,0.0
361,1,1,31,0,1,1968.0,1.0054794520547945,0,1.0,0.0,1.0,0.0
362,1,1,31,0,1,1971.0,2.9287671232876713,0,1.0,0.0,1.0,0.0
363,1,1,31,0,1,1983.0,2.16986301369863,0,1.0,0.0,1.0,0.0
364,1,1,31,0,1,1986.0,2.9287671232876713,0,1.0,0.0,1.0,0.0
365,1,1,31,0,1,1989.0,2.1095890410958904,0,1.0,0.0,1.0,0.0
366,1,1,31,0,1,1975.0,2.0602739726027397,0,1.0,0.0,1.0,0.0
367,1,1,31,0,1,1985.0,2.032876712328767,0,1.0,0.0,1.0,0.0
368,1,1,134,0,1,1959.4285714285713,1.1506849315068493,0,1.0,0.0,1.0,0.0
369,1,1,30,1,1,1984.0,2.5863013698630137,0,1.0,0.0,1.0,0.0
370,1,1,31,0,1,1981.0,0.6027397260273972,0,1.0,0.0,1.0,0.0
371,1,1,31,0,1,1984.0,1.4136986301369863,0,1.0,0.0,1.0,0.0
372,1,1,1,0,1,1982.0,1.8465753424657534,0,1.0,0.0,1.0,0.0
373,1,1,7,0,2,1970.0,7.531506849315068,0,1.0,0.0,1.0,0.0
374,1,5,33,0,2,1993.0,4.654794520547945,0,0.0,1.0,1.0,0.0
375,1,5,22,1,2,1977.0,3.9178082191780823,0,1.0,0.0,1.0,0.0
376,1,1,55,0,1,1977.0,2.356164383561644,0,1.0,0.0,1.0,0.0
377,1,1,31,0,1,1975.0,3.0,0,1.0,0.0,1.0,0.0
378,1,1,31,0,1,1979.7142857142858,4.002739726027397,0,1.0,0.0,1.0,0.0
379,1,1,1,0,1,1996.0,4.002739726027397,0,0.0,1.0,1.0,0.0
380,1,1,31,0,1,1972.857142857143,2.271232876712329,0,1.0,0.0,1.0,0.0
381,1,1,31,0,1,1977.0,2.0191780821917806,0,1.0,0.0,1.0,0.0
382,1,1,31,0,1,1960.0,2.271232876712329,0,1.0,0.0,1.0,0.0
383,1,1,31,0,1,1982.142857142857,3.506849315068493,0,1.0,0.0,1.0,0.0
384,1,1,70,0,2,1997.0,2.873972602739726,0,0.0,1.0,1.0,0.0
385,0,1,2,0,2,1993.0,2.4657534246575343,0,0.0,1.0,1.0,0.0
386,1,1,48,1,2,1994.0,2.8547945205479452,0,0.0,1.0,1.0,0.0
387,1,1,88,0,2,1997.0,1.1534246575342466,0,0.0,1.0,1.0,0.0
388,1,1,48,0,2,1991.857142857143,2.835616438356164,0,0.0,1.0,1.0,0.0
389,1,1,6,1,2,1964.0,2.8547945205479452,1,1.0,0.0,1.0,0.0
390,1,1,107,1,2,1962.0,2.824657534246575,0,1.0,0.0,1.0,0.0
391,1,1,8,1,2,1988.0,2.797260273972603,0,0.0,1.0,1.0,0.0
392,1,1,8,0,2,1988.0,2.8876712328767122,0,1.0,0.0,1.0,0.0
393,1,1,7,1,2,1987.0,2.643835616438356,0,0.0,1.0,1.0,0.0
394,1,1,27,0,2,1995.0,2.7534246575342465,0,0.0,1.0,1.0,0.0
395,1,1,120,0,3,1956.0,2.6246575342465754,0,1.0,0.0,1.0,0.0
396,1,1,29,0,1,1964.2857142857142,4.002739726027397,0,1.0,0.0,1.0,0.0
397,1,1,1,0,1,1977.142857142857,3.2356164383561645,0,1.0,0.0,1.0,0.0
398,1,1,1,0,1,1984.0,0.23835616438356164,0,1.0,0.0,1.0,0.0
399,1,1,31,0,1,1971.0,3.2356164383561645,0,1.0,0.0,1.0,0.0
400,1,1,31,1,1,1997.0,1.915068493150685,0,1.0,0.0,1.0,0.0
401,1,1,31,0,1,1978.5714285714287,3.1890410958904107,0,1.0,0.0,1.0,0.0
402,1,1,31,0,1,1973.2857142857142,0.38904109589041097,0,1.0,0.0,1.0,0.0
403,1,1,31,0,1,1970.2857142857142,0.1589041095890411,0,1.0,0.0,1.0,0.0
404,1,1,53,0,1,1984.857142857143,3.1123287671232878,0,1.0,0.0,1.0,0.0
405,1,1,22,0,2,1985.0,1.8547945205479452,0,1.0,0.0,1.0,0.0
406,1,5,31,0,1,2003.0,2.882191780821918,0,0.0,1.0,1.0,0.0
407,1,1,128,0,2,1996.0,2.1232876712328768,0,0.0,1.0,1.0,0.0
408,1,1,31,0,1,1997.0,3.421917808219178,0,1.0,0.0,1.0,0.0
409,1,1,31,0,1,1996.0,3.421917808219178,0,1.0,0.0,1.0,0.0
410,1,1,31,0,1,1968.0,3.219178082191781,0,1.0,0.0,1.0,0.0
411,1,1,31,1,1,1985.0,1.915068493150685,0,1.0,0.0,1.0,0.0
412,1,1,32,0,2,1959.0,12.471232876712328,0,1.0,0.0,1.0,0.0
413,1,1,31,0,1,1992.0,0.7205479452054795,0,1.0,0.0,1.0,0.0
414,1,1,1,0,1,1996.0,1.1534246575342466,0,1.0,0.0,1.0,0.0
415,1,1,31,0,1,1969.0,3.2164383561643834,0,1.0,0.0,1.0,0.0
416,1,1,31,0,1,1997.0,3.2383561643835614,0,1.0,0.0,1.0,0.0
417,1,1,31,0,1,1995.0,1.2246575342465753,0,0.0,1.0,1.0,0.0
418,1,1,31,0,1,1996.0,3.16986301369863,0,1.0,0.0,1.0,0.0
419,1,1,31,0,1,1973.0,1.7780821917808218,0,1.0,0.0,1.0,0.0
420,1,1,31,0,1,1985.0,1.1424657534246576,0,1.0,0.0,1.0,0.0
421,1,1,1,0,1,1980.0,2.1534246575342464,0,1.0,0.0,1.0,0.0
422,1,1,1,0,1,1971.0,2.9945205479452053,0,1.0,0.0,1.0,0.0
423,1,1,1,0,1,1988.0,1.2,0,1.0,0.0,1.0,0.0
424,1,1,31,0,1,1977.0,2.9808219178082194,0,1.0,0.0,1.0,0.0
425,1,1,37,0,2,1974.0,2.287671232876712,0,1.0,0.0,1.0,0.0
426,1,1,31,0,1,1988.0,2.852054794520548,0,1.0,0.0,1.0,0.0
427,1,1,31,1,1,1969.0,2.852054794520548,0,1.0,0.0,1.0,0.0
428,1,1,1,0,1,1974.0,2.871232876712329,0,1.0,0.0,1.0,0.0
429,1,1,31,0,1,2003.0,2.8684931506849316,0,0.0,1.0,1.0,0.0
430,1,1,31,0,1,1999.0,1.4082191780821918,0,0.0,1.0,1.0,0.0
431,1,1,31,0,1,1975.5714285714287,3.1123287671232878,0,1.0,0.0,1.0,0.0
432,1,1,31,0,1,1975.5714285714287,0.03287671232876712,0,1.0,0.0,1.0,0.0
433,1,1,31,0,1,1975.5714285714287,3.1123287671232878,0,1.0,0.0,1.0,0.0
434,1,1,31,0,1,1975.5714285714287,3.1123287671232878,0,1.0,0.0,1.0,0.0
435,1,1,31,0,1,1975.5714285714287,3.1123287671232878,0,1.0,0.0,1.0,0.0
436,1,1,31,0,1,1957.0,3.1424657534246574,0,1.0,0.0,1.0,0.0
437,1,1,31,0,1,2001.0,3.0712328767123287,0,0.0,1.0,1.0,0.0
438,1,1,31,0,1,1972.0,3.084931506849315,0,1.0,0.0,1.0,0.0
439,1,1,31,0,1,1968.0,2.8219178082191783,0,1.0,0.0,1.0,0.0
440,1,3,30,0,1,1994.0,2.8438356164383563,0,0.0,1.0,1.0,0.0
441,1,1,31,0,1,1960.0,0.7945205479452054,0,1.0,0.0,1.0,0.0
442,1,1,31,0,1,1982.0,2.808219178082192,0,1.0,0.0,1.0,0.0
443,1,1,1,0,1,1976.0,4.002739726027397,0,1.0,0.0,1.0,0.0
444,1,1,31,0,1,2000.0,2.808219178082192,0,0.0,1.0,1.0,0.0
445,1,3,122,0,1,1992.0,1.6027397260273972,0,0.0,1.0,1.0,0.0
446,1,3,122,0,1,2000.0,2.786301369863014,0,0.0,1.0,1.0,0.0
447,1,1,31,0,1,1964.0,2.8575342465753426,0,1.0,0.0,1.0,0.0
448,1,1,31,0,1,1976.0,2.8767123287671232,0,1.0,0.0,1.0,0.0
449,1,1,31,0,1,1973.0,2.852054794520548,0,1.0,0.0,1.0,0.0
450,1,1,31,0,1,1974.4285714285713,0.536986301369863,0,1.0,0.0,1.0,0.0
451,1,1,31,0,1,1998.0,0.810958904109589,0,0.0,1.0,1.0,0.0
452,1,1,1,0,1,1979.0,3.084931506849315,0,1.0,0.0,1.0,0.0
453,1,1,31,0,1,1969.0,1.0986301369863014,0,1.0,0.0,1.0,0.0
454,1,1,80,0,2,1998.0,2.8684931506849316,0,0.0,1.0,1.0,0.0
455,0,1,125,0,2,1993.0,0.8493150684931506,0,0.0,1.0,1.0,0.0
456,1,1,27,0,2,1993.5714285714287,3.421917808219178,0,0.0,1.0,1.0,0.0
457,1,1,35,0,2,1979.4285714285713,4.413698630136986,0,0.0,1.0,1.0,0.0
458,1,1,31,0,1,1987.0,2.43013698630137,0,1.0,0.0,1.0,0.0
459,1,1,55,0,2,1955.0,7.252054794520548,0,1.0,0.0,1.0,0.0
460,1,1,55,0,1,1981.4285714285713,1.3506849315068492,0,1.0,0.0,1.0,0.0
461,1,1,27,1,2,1968.0,5.841095890410959,1,1.0,0.0,1.0,0.0
462,1,1,31,0,1,1976.857142857143,3.084931506849315,0,1.0,0.0,1.0,0.0
463,1,3,31,0,1,1983.0,2.8684931506849316,0,1.0,0.0,1.0,0.0
464,1,1,116,0,3,1976.0,3.213698630136986,0,1.0,0.0,1.0,0.0
465,1,1,97,0,2,1991.0,3.841095890410959,0,1.0,0.0,1.0,0.0
466,1,1,107,1,2,1961.0,3.372602739726027,0,1.0,0.0,1.0,0.0
467,1,1,68,1,2,1957.0,3.6301369863013697,0,1.0,0.0,1.0,0.0
468,1,1,55,0,1,1999.0,2.841095890410959,0,0.0,1.0,1.0,0.0
469,1,3,108,0,2,1982.2857142857142,2.9013698630136986,0,0.0,1.0,1.0,0.0
470,1,1,31,0,1,2001.0,2.841095890410959,0,0.0,1.0,1.0,0.0
471,1,1,31,0,1,1978.0,0.4767123287671233,0,1.0,0.0,1.0,0.0
472,1,1,22,0,2,1981.0,1.7452054794520548,0,1.0,0.0,1.0,0.0
473,1,1,31,0,1,1983.5714285714287,2.734246575342466,0,0.0,0.0,1.0,0.0
474,1,1,129,0,1,1995.0,2.9178082191780823,0,0.0,1.0,1.0,0.0
475,1,1,104,0,3,1980.0,2.5863013698630137,0,1.0,0.0,1.0,0.0
476,1,1,31,0,1,1970.0,2.473972602739726,0,1.0,0.0,1.0,0.0
477,1,1,31,0,1,1993.0,2.4876712328767123,0,1.0,0.0,1.0,0.0
478,1,1,134,1,1,1959.4285714285713,2.915068493150685,0,1.0,0.0,1.0,0.0
479,1,3,71,0,2,1980.0,4.641095890410959,0,1.0,0.0,1.0,0.0
480,1,1,31,0,1,1993.0,0.8191780821917808,0,0.0,0.0,1.0,0.0
481,1,1,31,0,1,1953.0,2.293150684931507,0,0.0,0.0,1.0,0.0
482,1,5,132,0,2,1973.0,1.7397260273972603,1,1.0,0.0,1.0,0.0
483,1,1,133,0,2,1985.0,2.580821917808219,0,1.0,0.0,1.0,0.0
484,1,1,38,1,1,1994.0,2.750684931506849,0,0.0,1.0,1.0,0.0
485,1,1,31,0,1,1986.0,0.8273972602739726,0,1.0,0.0,1.0,0.0
486,1,1,122,1,1,1980.857142857143,3.336986301369863,0,0.0,0.0,1.0,0.0
487,1,1,31,0,1,1974.2857142857142,1.3123287671232877,0,1.0,0.0,1.0,0.0
488,1,4,31,0,1,1968.0,2.6410958904109587,0,1.0,0.0,1.0,0.0
489,1,1,64,1,2,1976.0,2.5561643835616437,0,1.0,0.0,1.0,0.0
490,1,4,31,0,1,1979.0,2.6410958904109587,0,1.0,0.0,1.0,0.0
491,1,4,1,0,1,1979.0,2.6246575342465754,0,0.0,1.0,1.0,0.0
492,1,3,1,0,1,1994.0,2.6356164383561644,0,1.0,0.0,1.0,0.0
493,1,1,31,0,1,1978.0,0.1589041095890411,0,1.0,0.0,1.0,0.0
494,1,1,30,0,1,1966.0,2.378082191780822,0,1.0,0.0,1.0,0.0
495,1,1,31,0,1,1983.0,1.0657534246575342,0,1.0,0.0,1.0,0.0
496,1,1,1,0,1,1969.0,0.1589041095890411,0,1.0,0.0,1.0,0.0
497,1,3,33,0,2,1982.0,2.0794520547945203,1,1.0,0.0,1.0,0.0
498,1,1,8,0,2,1992.0,2.5342465753424657,0,0.0,1.0,1.0,0.0
499,1,4,27,0,2,1995.0,2.526027397260274,0,0.0,1.0,1.0,0.0
500,1,1,24,0,2,1995.0,2.5232876712328767,0,1.0,0.0,1.0,0.0
501,1,1,108,0,2,1991.0,2.504109589041096,0,0.0,1.0,1.0,0.0
502,1,3,6,0,2,1953.0,0.3835616438356164,0,1.0,0.0,1.0,0.0
503,1,3,8,0,2,1989.0,1.547945205479452,0,1.0,0.0,1.0,0.0
504,1,1,64,0,2,1975.0,0.5917808219178082,0,1.0,0.0,1.0,0.0
505,1,1,62,0,1,1957.0,2.5863013698630137,0,1.0,0.0,1.0,0.0
506,1,1,24,0,2,1980.0,1.3534246575342466,0,1.0,0.0,1.0,0.0
507,0,1,138,1,2,1994.0,2.4794520547945207,0,1.0,0.0,1.0,0.0
508,0,1,17,0,2,1989.0,2.4438356164383563,0,1.0,0.0,1.0,0.0
509,1,4,104,0,3,1985.0,2.4054794520547946,0,1.0,0.0,1.0,0.0
510,1,3,140,0,2,1994.0,0.43561643835616437,0,0.0,1.0,1.0,0.0
511,1,1,8,0,2,1992.0,2.1397260273972605,0,0.0,1.0,1.0,0.0
512,1,1,93,0,2,1998.0,0.5945205479452055,0,0.0,1.0,1.0,0.0
513,1,3,30,0,1,1959.0,2.4,0,1.0,0.0,1.0,0.0
514,1,3,36,0,2,1979.0,0.1780821917808219,0,1.0,0.0,1.0,0.0
515,1,4,31,0,1,1993.0,2.3698630136986303,0,1.0,0.0,1.0,0.0
516,1,4,1,0,1,1977.0,2.3917808219178083,0,1.0,0.0,1.0,0.0
517,1,3,31,0,1,1992.0,2.367123287671233,0,1.0,0.0,1.0,0.0
518,1,4,84,0,2,1991.0,2.3123287671232875,0,0.0,1.0,1.0,0.0
519,1,1,22,0,2,1992.0,0.4465753424657534,1,0.0,1.0,1.0,0.0
520,1,1,7,0,2,1980.0,1.0410958904109588,0,1.0,0.0,1.0,0.0
521,0,1,177,1,2,1999.0,2.084931506849315,0,0.0,1.0,1.0,0.0
522,1,1,33,0,2,1993.0,0.39452054794520547,0,0.0,1.0,1.0,0.0
523,1,1,24,0,2,1975.0,0.2273972602739726,0,1.0,0.0,1.0,0.0
524,1,1,70,0,2,1998.0,2.249315068493151,0,0.0,1.0,1.0,0.0
525,1,1,8,0,2,1982.0,0.8383561643835616,0,1.0,0.0,1.0,0.0
526,1,1,144,0,2,1967.0,2.2383561643835614,0,1.0,0.0,1.0,0.0
527,1,1,24,0,2,1983.0,2.4684931506849317,0,1.0,0.0,1.0,0.0
528,1,3,146,0,2,2005.0,0.8931506849315068,0,0.0,1.0,1.0,0.0
529,1,1,7,0,2,1988.0,2.202739726027397,0,1.0,0.0,1.0,0.0
530,1,1,33,0,2,1994.0,0.7534246575342466,0,0.0,1.0,1.0,0.0
531,1,1,48,0,2,1984.0,0.0958904109589041,0,0.0,0.0,1.0,0.0
532,1,1,27,0,2,1997.0,2.208219178082192,0,0.0,1.0,1.0,0.0
533,0,1,147,0,2,1993.0,0.2547945205479452,1,0.0,1.0,1.0,0.0
534,1,1,176,0,2,1983.0,1.5561643835616439,0,1.0,0.0,1.0,0.0
535,1,1,8,0,2,1990.0,2.1452054794520548,0,0.0,1.0,1.0,0.0
536,1,1,27,0,2,1998.0,0.8684931506849315,0,0.0,1.0,1.0,0.0
537,1,1,27,0,2,1997.0,2.1452054794520548,0,0.0,1.0,1.0,0.0
538,1,1,40,0,2,1996.0,0.8767123287671232,0,0.0,1.0,1.0,0.0
539,1,5,22,0,2,1985.0,1.189041095890411,0,1.0,0.0,1.0,0.0
540,1,1,80,1,2,1968.0,2.1205479452054794,0,1.0,0.0,1.0,0.0
541,1,1,43,0,2,1991.0,2.1205479452054794,0,1.0,0.0,1.0,0.0
542,1,1,1,0,1,1971.0,0.8,0,0.0,0.0,1.0,0.0
543,1,1,22,0,2,2000.0,0.1589041095890411,1,0.0,1.0,1.0,0.0
544,1,1,48,1,2,1995.0,2.084931506849315,0,0.0,1.0,1.0,0.0
545,1,1,95,1,2,1998.0,2.0794520547945203,0,0.0,1.0,1.0,0.0
546,1,1,24,0,2,1999.0,2.063013698630137,0,0.0,1.0,1.0,0.0
547,0,1,17,0,2,1993.0,0.663013698630137,0,0.0,1.0,1.0,0.0
548,0,1,149,0,2,1970.0,0.6,0,1.0,0.0,1.0,0.0
549,1,1,27,0,2,1995.0,1.021917808219178,0,0.0,1.0,1.0,0.0
550,1,1,8,0,2,1987.0,0.2465753424657534,0,1.0,0.0,1.0,0.0
551,1,5,36,1,2,1983.0,2.0356164383561643,1,1.0,0.0,1.0,0.0
552,0,1,120,0,3,1976.0,0.4931506849315068,0,1.0,0.0,1.0,0.0
553,1,3,33,0,2,1995.0,0.589041095890411,0,0.0,1.0,1.0,0.0
554,1,1,89,0,2,1993.0,0.6082191780821918,0,0.0,1.0,1.0,0.0
555,1,1,22,0,2,1991.0,0.39452054794520547,1,0.0,1.0,1.0,0.0
556,1,1,8,0,2,1985.0,0.2821917808219178,0,0.0,0.0,1.0,0.0
557,1,1,17,0,2,1986.0,0.010958904109589041,0,1.0,0.0,1.0,0.0
558,1,3,22,0,2,1989.0,0.958904109589041,0,0.0,0.0,1.0,0.0
559,1,1,6,0,2,1964.0,1.093150684931507,0,1.0,0.0,1.0,0.0
560,1,1,153,1,1,1994.0,1.915068493150685,0,0.0,0.0,1.0,0.0
561,1,1,17,0,2,1994.0,0.4821917808219178,0,0.0,1.0,1.0,0.0
562,1,3,36,0,2,1994.0,0.33424657534246577,0,0.0,0.0,1.0,0.0
563,1,1,66,0,3,1975.0,0.4931506849315068,0,1.0,0.0,1.0,0.0
564,1,1,78,0,3,1990.0,0.36164383561643837,0,1.0,0.0,1.0,0.0
565,1,3,7,0,2,1996.0,1.0547945205479452,0,0.0,0.0,1.0,0.0
566,1,1,122,0,1,1980.0,1.4,0,0.0,0.0,1.0,0.0
567,1,1,55,0,1,1997.0,0.7452054794520548,0,0.0,0.0,1.0,0.0
568,1,1,134,0,1,1952.0,1.104109589041096,0,1.0,0.0,1.0,0.0
569,1,1,48,1,2,1978.0,1.7808219178082192,0,1.0,0.0,1.0,0.0
570,1,1,108,0,2,1983.857142857143,1.2301369863013698,0,0.0,0.0,1.0,0.0
571,1,1,22,1,2,1987.0,1.7424657534246575,1,1.0,0.0,1.0,0.0
572,1,1,104,0,3,1989.0,0.3506849315068493,0,0.0,0.0,1.0,0.0
573,1,1,9,0,2,1995.0,0.3150684931506849,0,0.0,1.0,1.0,0.0
574,1,1,1,0,1,1964.0,0.5205479452054794,0,1.0,0.0,1.0,0.0
575,1,1,162,0,3,1970.0,0.6410958904109589,1,1.0,0.0,1.0,0.0
576,1,1,163,0,3,1975.0,0.31232876712328766,0,1.0,0.0,1.0,0.0
577,0,1,161,0,2,1992.0,0.3452054794520548,0,0.0,1.0,1.0,0.0
578,1,1,27,0,2,1969.0,0.726027397260274,0,1.0,0.0,1.0,0.0
579,1,1,27,0,2,1963.0,1.643835616438356,0,1.0,0.0,1.0,0.0
580,1,1,31,0,1,1981.0,1.5232876712328767,0,1.0,0.0,1.0,0.0
581,1,3,30,0,1,1954.0,0.4958904109589041,0,1.0,0.0,1.0,0.0
582,1,3,30,0,1,1992.0,0.4904109589041096,0,1.0,0.0,1.0,0.0
583,1,1,43,0,1,1980.0,0.8164383561643835,0,1.0,0.0,1.0,0.0
584,1,5,8,0,2,1993.0,1.5863013698630137,0,1.0,0.0,1.0,0.0
585,1,3,122,1,1,1982.142857142857,1.9013698630136986,0,1.0,0.0,1.0,0.0
586,1,3,122,1,1,1982.142857142857,1.9013698630136986,0,1.0,0.0,1.0,0.0
587,1,1,122,0,1,1978.0,1.180821917808219,0,1.0,0.0,1.0,0.0
588,1,1,122,0,1,1979.0,1.5232876712328767,0,1.0,0.0,1.0,0.0
589,1,1,24,0,1,1968.0,0.9041095890410958,0,1.0,0.0,1.0,0.0
590,1,1,122,0,1,1992.0,0.9506849315068493,0,1.0,0.0,1.0,0.0
591,1,1,55,0,1,1975.0,0.8136986301369863,0,1.0,0.0,1.0,0.0
592,1,1,31,0,1,1959.0,0.4136986301369863,0,1.0,0.0,1.0,0.0
593,1,1,31,0,1,1976.0,0.5835616438356165,0,1.0,0.0,1.0,0.0
594,1,1,29,0,1,1979.2857142857142,1.1424657534246576,0,1.0,0.0,1.0,0.0
595,1,3,33,0,2,1994.0,0.6191780821917808,1,0.0,0.0,1.0,0.0
596,1,1,31,0,1,1983.0,0.810958904109589,0,1.0,0.0,1.0,0.0
597,1,1,4,0,1,1958.0,0.5589041095890411,0,1.0,0.0,1.0,0.0
598,1,1,31,0,1,1987.0,0.8410958904109589,0,1.0,0.0,1.0,0.0
599,1,1,31,0,1,1978.0,0.7972602739726027,0,1.0,0.0,1.0,0.0
600,1,1,124,0,1,1977.0,0.8164383561643835,0,1.0,0.0,1.0,0.0
601,1,1,124,0,1,1969.0,0.8164383561643835,0,1.0,0.0,1.0,0.0
602,1,1,31,0,1,1981.0,0.821917808219178,0,1.0,0.0,1.0,0.0
603,1,1,31,0,1,2003.0,0.7095890410958904,0,0.0,1.0,1.0,0.0
604,1,1,31,0,1,2002.0,0.852054794520548,0,0.0,1.0,1.0,0.0
605,1,1,31,0,1,2002.0,0.589041095890411,0,0.0,1.0,1.0,0.0
606,1,1,31,0,1,1994.0,1.0383561643835617,0,1.0,0.0,1.0,0.0
607,1,1,31,0,1,1958.0,1.0383561643835617,0,1.0,0.0,1.0,0.0
608,1,1,31,1,1,1962.0,1.5808219178082192,0,1.0,0.0,1.0,0.0
609,1,1,31,0,1,1963.0,0.8438356164383561,0,1.0,0.0,1.0,0.0
610,1,1,30,0,1,1998.0,0.547945205479452,0,1.0,0.0,1.0,0.0
611,1,1,31,0,1,2001.0,0.6958904109589041,0,0.0,1.0,1.0,0.0
612,1,1,55,0,1,1998.0,0.8191780821917808,0,1.0,0.0,1.0,0.0
613,1,1,31,0,1,1971.0,0.3780821917808219,0,1.0,0.0,1.0,0.0
614,1,1,31,0,1,1968.0,0.8657534246575342,0,1.0,0.0,1.0,0.0
615,1,3,31,0,1,1978.0,0.7726027397260274,0,1.0,0.0,1.0,0.0
616,1,1,31,0,1,1962.0,0.8191780821917808,0,0.0,0.0,1.0,0.0
617,1,1,80,1,1,1965.0,1.547945205479452,0,1.0,0.0,1.0,0.0
618,1,1,31,0,1,1965.0,0.8684931506849315,0,1.0,0.0,1.0,0.0
619,1,1,55,0,1,1961.0,0.9616438356164384,0,1.0,0.0,1.0,0.0
620,0,1,31,0,1,1998.0,0.7287671232876712,0,1.0,0.0,1.0,0.0
621,1,1,31,0,1,1972.0,0.4,0,1.0,0.0,1.0,0.0
622,1,1,31,0,1,1962.0,0.8273972602739726,0,1.0,0.0,1.0,0.0
623,1,1,31,0,1,1967.0,0.736986301369863,0,1.0,0.0,1.0,0.0
624,1,1,31,0,1,1983.0,0.7589041095890411,0,1.0,0.0,1.0,0.0
625,1,1,90,0,2,1990.0,0.6986301369863014,0,1.0,0.0,1.0,0.0
626,1,1,124,0,1,1974.0,0.7753424657534247,0,1.0,0.0,1.0,0.0
627,1,1,31,1,1,1959.0,1.5041095890410958,0,1.0,0.0,1.0,0.0
628,1,1,33,1,2,1994.0,1.5095890410958903,1,0.0,0.0,1.0,0.0
629,1,1,124,0,1,1969.0,0.7452054794520548,0,1.0,0.0,1.0,0.0
630,1,1,31,0,1,2001.0,0.7315068493150685,0,0.0,1.0,1.0,0.0
631,1,1,24,0,1,1988.0,0.6575342465753424,0,1.0,0.0,1.0,0.0
632,1,1,124,0,1,1972.857142857143,1.0082191780821919,0,1.0,0.0,1.0,0.0
633,1,1,31,0,1,2001.0,0.6301369863013698,0,0.0,1.0,1.0,0.0
634,0,1,125,0,1,1998.0,0.4712328767123288,0,0.0,1.0,1.0,0.0
635,1,1,167,0,3,1993.0,1.2465753424657535,0,1.0,0.0,1.0,0.0
636,1,1,31,0,1,1954.0,0.4657534246575342,0,1.0,0.0,1.0,0.0
637,1,1,139,0,1,1995.0,0.7671232876712328,0,0.0,1.0,1.0,0.0
638,0,1,112,0,2,1998.0,1.378082191780822,0,0.0,1.0,1.0,0.0
639,1,1,49,1,2,1991.0,1.4684931506849315,1,1.0,0.0,1.0,0.0
640,1,1,24,0,2,1975.0,0.2356164383561644,0,1.0,0.0,1.0,0.0
641,1,5,89,1,2,1994.0,1.473972602739726,0,0.0,1.0,1.0,0.0
642,1,1,7,0,2,1979.0,0.0136986301369863,0,1.0,0.0,1.0,0.0
643,1,1,6,1,2,1986.0,1.463013698630137,1,1.0,0.0,1.0,0.0
644,1,1,31,0,1,1974.0,0.5589041095890411,0,1.0,0.0,1.0,0.0
645,1,1,7,0,2,1969.0,0.005479452054794521,0,1.0,0.0,1.0,0.0
646,1,1,158,0,2,1994.0,0.42191780821917807,0,0.0,1.0,1.0,0.0
647,1,1,31,0,1,1958.0,0.7205479452054795,0,1.0,0.0,1.0,0.0
648,1,1,31,0,1,1978.0,0.9424657534246575,0,1.0,0.0,1.0,0.0
649,1,1,49,0,2,1996.0,0.3589041095890411,1,0.0,1.0,1.0,0.0
650,1,3,36,0,2,1994.0,0.36164383561643837,0,0.0,1.0,1.0,0.0
651,1,1,31,0,1,1970.5714285714287,0.42191780821917807,0,1.0,0.0,1.0,0.0
652,1,1,43,0,1,1994.0,0.5671232876712329,0,1.0,0.0,1.0,0.0
653,1,5,124,0,1,1980.0,0.4136986301369863,0,1.0,0.0,1.0,0.0
654,0,1,125,0,1,1989.7142857142858,0.7753424657534247,0,0.0,1.0,1.0,0.0
655,0,1,125,0,1,1991.2857142857142,0.7205479452054795,0,0.0,1.0,1.0,0.0
656,1,1,78,0,2,1987.0,0.35342465753424657,0,1.0,0.0,1.0,0.0
657,1,1,33,0,2,1993.0,0.0027397260273972603,0,0.0,1.0,1.0,0.0
658,1,1,36,0,2,1991.0,0.4712328767123288,1,0.0,1.0,1.0,0.0
659,1,1,31,0,1,1969.0,1.295890410958904,0,1.0,0.0,1.0,0.0
660,1,1,31,0,1,1971.0,0.7397260273972602,0,1.0,0.0,1.0,0.0
661,1,1,54,0,2,1991.0,0.29041095890410956,0,0.0,0.0,1.0,0.0
662,1,1,36,1,2,1995.0,1.4082191780821918,0,0.0,1.0,1.0,0.0
663,0,1,25,1,1,1980.2857142857142,1.4164383561643836,0,1.0,0.0,1.0,0.0
664,1,3,31,0,1,1997.0,0.5506849315068493,0,0.0,1.0,1.0,0.0
665,1,1,6,1,2,1967.0,1.3972602739726028,1,1.0,0.0,1.0,0.0
666,1,1,22,0,2,1996.0,0.010958904109589041,0,0.0,1.0,1.0,0.0
667,1,1,22,1,2,1990.0,1.3972602739726028,1,1.0,0.0,1.0,0.0
668,1,5,31,0,1,1964.0,0.7726027397260274,0,1.0,0.0,1.0,0.0
669,1,1,31,0,1,1969.0,0.7315068493150685,0,1.0,0.0,1.0,0.0
670,1,1,31,0,1,1984.0,0.4931506849315068,0,1.0,0.0,1.0,0.0
671,0,1,170,0,2,1996.0,0.9232876712328767,0,0.0,1.0,1.0,0.0
672,1,3,29,0,1,1985.0,0.19452054794520549,0,1.0,0.0,1.0,0.0
673,1,1,124,0,1,1996.0,0.6438356164383562,0,1.0,0.0,1.0,0.0
674,1,1,124,0,1,1990.0,0.726027397260274,0,1.0,0.0,1.0,0.0
675,1,1,168,1,2,1982.0,1.3753424657534246,0,1.0,0.0,1.0,0.0
676,1,1,158,0,2,1995.0,0.6958904109589041,0,0.0,0.0,1.0,0.0
677,1,1,31,0,1,1993.0,0.2054794520547945,0,0.0,1.0,1.0,0.0
678,1,1,124,0,1,1963.0,0.7178082191780822,0,1.0,0.0,1.0,0.0
679,1,1,124,0,1,1968.0,0.7945205479452054,0,1.0,0.0,1.0,0.0
680,1,1,31,0,1,1991.0,0.6136986301369863,0,1.0,0.0,1.0,0.0
681,1,1,31,0,1,1991.0,0.7150684931506849,0,0.0,1.0,1.0,0.0
682,1,1,124,0,1,1975.0,0.6136986301369863,0,1.0,0.0,1.0,0.0
683,1,1,31,0,1,1974.0,1.2767123287671234,0,1.0,0.0,1.0,0.0
684,1,1,31,0,1,1966.0,0.684931506849315,0,1.0,0.0,1.0,0.0
685,1,1,31,0,1,1978.0,0.7041095890410959,0,1.0,0.0,0.0,1.0
686,1,1,124,0,1,1955.0,0.6082191780821918,0,1.0,0.0,1.0,0.0
687,1,1,124,0,1,1975.0,0.6054794520547945,0,1.0,0.0,1.0,0.0
688,1,1,31,0,1,1967.0,0.6082191780821918,0,1.0,0.0,1.0,0.0
689,1,1,22,0,2,1994.0,0.684931506849315,1,1.0,0.0,1.0,0.0
690,1,1,122,0,1,1978.0,0.5698630136986301,0,1.0,0.0,1.0,0.0
691,1,1,129,1,1,1997.0,1.367123287671233,0,0.0,1.0,1.0,0.0
692,0,1,31,0,1,1988.0,0.19452054794520549,0,1.0,0.0,1.0,0.0
693,1,1,124,0,1,1955.0,0.6986301369863014,0,1.0,0.0,1.0,0.0
694,1,1,24,0,1,1976.0,0.5945205479452055,0,1.0,0.0,1.0,0.0
695,1,1,31,0,1,2003.0,0.4191780821917808,0,0.0,1.0,1.0,0.0
696,1,1,24,0,1,1986.0,0.4602739726027397,0,1.0,0.0,1.0,0.0
697,1,1,24,0,1,1977.0,0.6191780821917808,0,1.0,0.0,1.0,0.0
698,1,1,56,1,1,2002.0,1.336986301369863,0,0.0,1.0,1.0,0.0
699,1,3,31,1,1,2002.0,1.347945205479452,0,0.0,1.0,1.0,0.0
700,1,1,31,0,1,1972.0,0.18356164383561643,0,1.0,0.0,1.0,0.0
701,1,1,22,1,2,1989.0,1.336986301369863,1,0.0,0.0,1.0,0.0
702,1,1,31,0,1,1994.0,0.21643835616438356,0,1.0,0.0,1.0,0.0
703,1,3,31,1,1,2002.0,1.347945205479452,0,0.0,1.0,1.0,0.0
704,1,1,124,0,1,1980.857142857143,0.5972602739726027,0,0.0,1.0,1.0,0.0
705,1,1,31,0,1,1966.0,0.5780821917808219,0,1.0,0.0,1.0,0.0
706,1,1,31,0,1,1994.7142857142858,0.5726027397260274,0,0.0,1.0,1.0,0.0
707,1,1,31,0,1,1985.0,0.6575342465753424,0,0.0,1.0,1.0,0.0
708,1,1,78,0,2,1985.0,0.6767123287671233,0,0.0,0.0,1.0,0.0
709,1,1,83,0,2,1993.0,0.2958904109589041,0,0.0,0.0,1.0,0.0
710,1,1,33,0,2,1994.0,0.32054794520547947,0,0.0,0.0,1.0,0.0
711,1,1,22,0,2,1986.0,0.0821917808219178,0,0.0,0.0,1.0,0.0
712,1,1,124,0,1,1991.0,0.589041095890411,0,1.0,0.0,1.0,0.0
713,1,1,6,0,2,1982.0,0.9972602739726028,1,1.0,0.0,1.0,0.0
714,1,1,31,0,1,1969.0,0.5534246575342465,0,1.0,0.0,1.0,0.0
715,1,1,43,0,1,1991.0,0.5643835616438356,0,1.0,0.0,1.0,0.0
716,1,1,124,0,1,2000.0,0.5726027397260274,0,0.0,1.0,1.0,0.0
717,1,1,31,0,1,1997.0,0.42191780821917807,0,0.0,1.0,1.0,0.0
718,1,1,33,0,2,1950.0,0.5315068493150685,1,1.0,0.0,1.0,0.0
719,1,1,24,1,1,1987.0,1.3342465753424657,0,1.0,0.0,1.0,0.0
720,1,1,31,0,1,1999.0,0.1643835616438356,0,0.0,1.0,1.0,0.0
721,1,1,124,0,1,1958.0,0.5643835616438356,0,1.0,0.0,1.0,0.0
722,1,1,124,0,1,1973.0,0.5726027397260274,0,1.0,0.0,1.0,0.0
723,1,5,89,0,2,1994.0,0.0027397260273972603,0,0.0,0.0,1.0,0.0
724,1,1,22,1,2,1993.0,1.3013698630136987,1,0.0,0.0,1.0,0.0
725,1,1,173,0,2,1995.0,0.32054794520547947,0,0.0,0.0,1.0,0.0
726,1,1,31,0,1,1977.0,0.6493150684931507,0,0.0,1.0,1.0,0.0
727,1,1,31,0,1,1974.0,0.2958904109589041,0,1.0,0.0,1.0,0.0
728,1,1,41,1,1,1968.0,1.3342465753424657,0,1.0,0.0,1.0,0.0
729,1,1,41,0,1,1979.0,0.5671232876712329,0,0.0,1.0,1.0,0.0
730,1,3,31,1,1,1996.0,1.295890410958904,0,0.0,1.0,1.0,0.0
731,1,1,1,0,1,1981.7142857142858,0.5397260273972603,0,0.0,0.0,1.0,0.0
732,1,4,1,0,1,1979.2857142857142,0.5561643835616439,0,0.0,0.0,1.0,0.0
733,1,3,31,0,1,1978.7142857142858,0.5315068493150685,0,0.0,0.0,1.0,0.0
734,1,1,31,0,1,1978.7142857142858,0.5424657534246575,0,0.0,0.0,1.0,0.0
735,1,1,30,1,1,1970.0,1.3150684931506849,0,1.0,0.0,1.0,0.0
736,1,1,43,0,1,1994.0,0.29315068493150687,0,1.0,0.0,1.0,0.0
737,1,1,31,0,1,1995.0,0.6712328767123288,0,0.0,1.0,1.0,0.0
738,1,1,7,0,2,2000.0,1.2712328767123289,0,0.0,1.0,1.0,0.0
739,1,1,158,0,2,1995.0,0.3835616438356164,0,0.0,0.0,1.0,0.0
740,0,1,17,0,2,1989.0,0.3780821917808219,0,1.0,0.0,1.0,0.0
741,1,1,158,0,2,1996.0,0.27671232876712326,0,0.0,0.0,1.0,0.0
742,1,1,195,1,1,1999.0,1.263013698630137,0,0.0,1.0,1.0,0.0
743,1,1,129,1,1,1966.0,1.3013698630136987,0,1.0,0.0,1.0,0.0
744,1,1,31,0,1,1981.0,0.23835616438356164,0,1.0,0.0,1.0,0.0
745,1,1,31,0,1,1970.0,0.06575342465753424,0,1.0,0.0,1.0,0.0
746,1,1,31,0,1,2001.0,0.4520547945205479,0,0.0,1.0,1.0,0.0
747,1,1,17,0,2,1998.0,0.08493150684931507,0,0.0,1.0,1.0,0.0
748,1,1,31,0,1,1961.0,0.4794520547945205,0,1.0,0.0,1.0,0.0
749,1,1,31,0,1,1968.0,0.4931506849315068,0,1.0,0.0,1.0,0.0
750,1,1,24,0,2,1969.0,0.6273972602739726,0,1.0,0.0,1.0,0.0
751,1,1,22,1,2,1996.0,1.2246575342465753,1,0.0,0.0,1.0,0.0
752,1,1,22,1,2,1996.0,1.2246575342465753,1,0.0,0.0,1.0,0.0
753,0,1,178,1,2,1996.0,1.2219178082191782,0,0.0,1.0,1.0,0.0
754,0,1,178,0,2,1997.0,0.07671232876712329,0,0.0,1.0,1.0,0.0
755,1,1,31,0,1,1976.0,0.4684931506849315,0,1.0,0.0,1.0,0.0
756,1,1,31,0,1,1993.0,0.049315068493150684,0,0.0,0.0,1.0,0.0
757,1,1,31,0,1,1961.0,0.052054794520547946,0,1.0,0.0,1.0,0.0
758,0,3,45,1,3,1963.0,1.4164383561643836,0,0.0,1.0,1.0,0.0
759,1,1,124,0,1,1982.0,0.4410958904109589,0,1.0,0.0,1.0,0.0
760,1,1,152,0,3,1987.0,0.4602739726027397,0,1.0,0.0,1.0,0.0
761,1,1,55,0,1,1974.0,0.3561643835616438,0,1.0,0.0,1.0,0.0
762,1,1,33,0,2,1981.0,0.03561643835616438,0,1.0,0.0,1.0,0.0
763,1,1,31,0,1,1974.0,0.5342465753424658,0,1.0,0.0,1.0,0.0
764,1,1,31,0,1,1998.0,0.4438356164383562,0,0.0,1.0,1.0,0.0
765,1,1,24,0,2,1964.0,0.8684931506849315,0,1.0,0.0,1.0,0.0
766,1,1,180,0,2,1983.0,0.0547945205479452,0,0.0,0.0,1.0,0.0
767,1,1,33,1,2,1995.0,1.1863013698630136,0,0.0,1.0,1.0,0.0
768,1,1,139,0,1,1958.0,0.5616438356164384,0,1.0,0.0,1.0,0.0
769,1,1,31,0,1,1998.0,0.4904109589041096,0,1.0,0.0,1.0,0.0
770,1,1,31,0,1,1972.0,0.01643835616438356,0,1.0,0.0,1.0,0.0
771,1,1,29,0,1,1979.2857142857142,0.7287671232876712,0,1.0,0.0,1.0,0.0
772,1,1,55,0,1,1983.0,0.3643835616438356,0,0.0,1.0,1.0,0.0
773,1,1,31,0,1,2003.0,0.07397260273972603,0,0.0,1.0,1.0,0.0
774,1,1,31,0,1,2002.0,0.410958904109589,0,0.0,1.0,1.0,0.0
775,1,1,4,0,1,1981.0,0.010958904109589041,0,1.0,0.0,1.0,0.0
776,1,1,31,0,1,1986.0,0.4986301369863014,0,1.0,0.0,1.0,0.0
777,1,1,31,0,1,1968.4285714285713,0.4328767123287671,0,1.0,0.0,1.0,0.0
778,1,1,55,0,1,1997.0,0.4986301369863014,0,1.0,0.0,1.0,0.0
779,1,1,31,0,1,1975.0,0.4328767123287671,0,1.0,0.0,1.0,0.0
780,1,1,55,0,1,1974.0,0.44931506849315067,0,1.0,0.0,1.0,0.0
781,1,4,31,0,1,1964.0,0.4465753424657534,0,1.0,0.0,1.0,0.0
782,1,1,31,1,1,1951.0,1.210958904109589,0,1.0,0.0,1.0,0.0
783,1,1,31,1,1,1996.0,1.180821917808219,0,0.0,1.0,1.0,0.0
784,1,1,134,0,1,1953.0,0.2821917808219178,0,1.0,0.0,1.0,0.0
785,1,1,30,0,1,1959.0,0.5178082191780822,0,1.0,0.0,1.0,0.0
786,0,1,70,0,2,2001.0,0.410958904109589,0,0.0,1.0,1.0,0.0
787,1,1,181,0,2,1996.0,0.3589041095890411,0,1.0,0.0,1.0,0.0
788,1,3,31,1,1,1982.0,1.1835616438356165,0,1.0,0.0,1.0,0.0
789,1,1,31,0,1,1990.4285714285713,0.2273972602739726,0,1.0,0.0,1.0,0.0
790,1,1,31,0,1,1990.0,0.3835616438356164,0,1.0,0.0,1.0,0.0
791,1,1,31,0,1,1969.0,0.3972602739726027,0,1.0,0.0,1.0,0.0
792,1,1,31,0,1,1960.0,0.38904109589041097,0,1.0,0.0,1.0,0.0
793,1,1,31,0,1,1952.0,0.4246575342465753,0,1.0,0.0,1.0,0.0
794,1,1,31,0,1,1981.0,0.15616438356164383,0,1.0,0.0,1.0,0.0
795,1,1,31,0,1,1991.0,0.4273972602739726,0,1.0,0.0,1.0,0.0
796,1,1,139,0,1,1997.0,0.4410958904109589,0,0.0,1.0,1.0,0.0
797,1,1,24,0,2,1992.0,0.019178082191780823,0,1.0,0.0,1.0,0.0
798,1,1,1,0,1,1990.0,0.2328767123287671,0,1.0,0.0,1.0,0.0
799,1,1,31,0,1,1992.0,0.3917808219178082,0,1.0,0.0,1.0,0.0
800,1,1,53,0,1,2000.0,0.26575342465753427,0,1.0,0.0,1.0,0.0
801,1,1,31,0,1,1996.0,0.2,0,1.0,0.0,1.0,0.0
802,0,1,48,1,2,1993.0,1.1287671232876713,0,0.0,1.0,1.0,0.0
803,1,1,31,0,1,1973.0,0.3506849315068493,0,1.0,0.0,1.0,0.0
804,1,1,31,0,1,1994.0,0.10684931506849316,0,0.0,1.0,1.0,0.0
805,1,1,83,0,2,1995.0,1.0794520547945206,0,0.0,0.0,1.0,0.0
806,1,1,58,0,2,1962.0,0.547945205479452,0,1.0,0.0,1.0,0.0
807,1,1,31,0,1,1987.0,0.3452054794520548,0,1.0,0.0,1.0,0.0
808,0,1,31,1,1,1972.0,1.1424657534246576,0,1.0,0.0,1.0,0.0
809,1,1,31,0,1,1982.0,0.0958904109589041,0,1.0,0.0,1.0,0.0
810,1,1,31,0,1,1973.0,0.3452054794520548,0,1.0,0.0,1.0,0.0
811,1,1,31,0,1,1998.0,0.2136986301369863,0,1.0,0.0,1.0,0.0
812,1,1,8,1,2,1993.0,1.0904109589041096,0,0.0,1.0,1.0,0.0
813,1,1,31,0,1,1972.857142857143,0.41643835616438357,0,1.0,0.0,1.0,0.0
814,1,1,124,0,1,1976.0,0.33424657534246577,0,1.0,0.0,1.0,0.0
815,1,1,31,0,1,1995.0,0.31232876712328766,0,1.0,0.0,1.0,0.0
816,0,1,17,0,2,1993.0,0.35342465753424657,0,0.0,1.0,1.0,0.0
817,1,1,30,0,1,1996.0,0.23835616438356164,0,1.0,0.0,1.0,0.0
818,1,1,31,0,1,1998.0,0.0684931506849315,0,0.0,1.0,1.0,0.0
819,1,1,30,0,1,1985.0,0.2191780821917808,0,1.0,0.0,1.0,0.0
820,1,1,30,0,1,2001.0,0.2191780821917808,0,0.0,1.0,1.0,0.0
821,1,1,30,0,1,2001.0,0.2136986301369863,0,0.0,1.0,1.0,0.0
822,1,1,182,1,1,1991.0,1.0575342465753426,0,1.0,0.0,1.0,0.0
823,0,3,184,0,1,1988.5714285714287,0.26301369863013696,0,0.0,1.0,1.0,0.0
824,1,1,169,0,1,1985.0,0.9287671232876712,0,0.0,1.0,1.0,0.0
825,1,1,31,0,1,1995.142857142857,0.29315068493150687,0,0.0,1.0,1.0,0.0
826,1,1,22,1,2,1970.0,1.0465753424657533,1,0.0,0.0,1.0,0.0
827,1,1,22,0,1,1989.0,0.1589041095890411,0,0.0,0.0,1.0,0.0
828,1,1,31,0,1,2006.0,0.4136986301369863,0,0.0,1.0,1.0,0.0
829,1,1,31,0,1,1971.0,0.32602739726027397,0,1.0,0.0,1.0,0.0
830,1,1,43,0,1,2000.0,0.4575342465753425,0,1.0,0.0,1.0,0.0
831,1,1,31,0,1,1982.0,0.2493150684931507,0,1.0,0.0,1.0,0.0
832,1,1,7,1,2,1964.0,1.0328767123287672,0,1.0,0.0,1.0,0.0
833,1,1,1,0,1,1993.0,0.3041095890410959,0,1.0,0.0,1.0,0.0
834,1,1,30,0,1,1991.0,0.9506849315068493,0,0.0,1.0,1.0,0.0
835,1,3,30,0,1,2000.0,0.038356164383561646,0,0.0,1.0,1.0,0.0
836,1,1,181,0,2,1999.0,0.22465753424657534,0,0.0,1.0,1.0,0.0
837,1,1,27,1,2,1998.0,1.0246575342465754,1,0.0,1.0,1.0,0.0
838,1,1,55,0,1,1966.0,0.18082191780821918,0,1.0,0.0,1.0,0.0
839,1,1,31,1,1,1989.0,1.0246575342465754,0,0.0,1.0,1.0,0.0
840,1,1,31,0,1,1970.0,0.19726027397260273,0,0.0,1.0,1.0,0.0
841,1,1,55,0,1,1996.0,0.2493150684931507,0,0.0,1.0,1.0,0.0
842,1,5,31,1,1,1996.0,1.0136986301369864,0,0.0,1.0,1.0,0.0
843,1,1,31,1,1,1980.857142857143,1.0136986301369864,0,1.0,0.0,1.0,0.0
844,1,1,124,0,1,1965.0,0.2356164383561644,0,1.0,0.0,1.0,0.0
845,1,1,186,1,2,1979.0,1.0684931506849316,0,1.0,0.0,1.0,0.0
846,1,1,31,0,1,1969.0,0.2328767123287671,0,1.0,0.0,1.0,0.0
847,1,1,95,1,1,1974.0,1.0328767123287672,0,1.0,0.0,1.0,0.0
848,1,1,55,1,1,1996.0,0.9945205479452055,0,0.0,1.0,1.0,0.0
849,1,1,33,1,2,1993.0,0.9945205479452055,0,0.0,1.0,1.0,0.0
850,1,1,187,1,2,1983.0,1.0,0,1.0,0.0,1.0,0.0
851,1,1,22,1,2,1996.0,1.0,0,0.0,1.0,1.0,0.0
852,1,1,31,1,1,1995.0,0.9863013698630136,0,0.0,1.0,1.0,0.0
853,1,1,122,1,1,1970.0,1.0,0,1.0,0.0,1.0,0.0
854,0,1,125,0,1,1998.0,0.32054794520547947,0,0.0,1.0,1.0,0.0
855,1,1,31,0,1,1976.0,0.4438356164383562,0,1.0,0.0,1.0,0.0
856,1,1,55,1,1,1961.0,0.9863013698630136,0,0.0,0.0,1.0,0.0
857,1,1,31,1,1,1991.0,0.9753424657534246,0,1.0,0.0,1.0,0.0
858,1,1,70,0,2,1999.0,0.536986301369863,0,0.0,1.0,1.0,0.0
859,1,1,31,1,1,1988.0,0.9671232876712329,0,1.0,0.0,1.0,0.0
860,1,1,31,1,1,2001.0,0.9726027397260274,0,0.0,1.0,1.0,0.0
861,1,1,31,0,1,2001.0,0.10410958904109589,0,0.0,1.0,1.0,0.0
862,1,1,139,1,1,1999.0,0.9945205479452055,0,0.0,1.0,1.0,0.0
863,1,1,189,1,1,1990.0,1.0,0,1.0,0.0,1.0,0.0
864,1,1,189,1,1,1989.0,1.0,0,0.0,1.0,1.0,0.0
865,1,1,56,0,1,2002.0,0.0684931506849315,0,0.0,1.0,1.0,0.0
866,1,1,31,0,1,1971.0,0.21643835616438356,0,0.0,0.0,1.0,0.0
867,1,1,31,0,1,1963.0,0.0958904109589041,0,1.0,0.0,1.0,0.0
868,1,1,22,1,2,1986.0,1.0,1,0.0,0.0,1.0,0.0
869,1,1,80,0,1,1996.0,0.1780821917808219,0,0.0,1.0,1.0,0.0
870,1,1,31,1,1,1962.0,0.9452054794520548,0,1.0,0.0,1.0,0.0
871,1,1,31,1,1,2001.0,0.9726027397260274,0,0.0,1.0,1.0,0.0
872,1,1,31,1,1,1994.0,0.9342465753424658,0,0.0,1.0,1.0,0.0
873,1,1,31,0,1,1973.0,0.20273972602739726,0,1.0,0.0,1.0,0.0
874,1,1,31,0,1,1981.0,0.08767123287671233,0,1.0,0.0,1.0,0.0
875,1,1,31,1,1,1958.0,0.936986301369863,0,1.0,0.0,1.0,0.0
876,1,1,31,0,1,1975.0,0.2,0,1.0,0.0,1.0,0.0
877,1,1,31,0,1,1990.0,0.13972602739726028,0,1.0,0.0,1.0,0.0
878,1,1,31,1,1,1985.0,0.9287671232876712,0,1.0,0.0,1.0,0.0
879,1,1,122,1,1,1955.0,0.9643835616438357,0,0.0,0.0,1.0,0.0
880,1,1,31,0,1,1994.0,0.20821917808219179,0,1.0,0.0,1.0,0.0
881,1,1,26,0,1,1990.0,0.18904109589041096,0,1.0,0.0,1.0,0.0
882,1,1,55,0,1,1999.0,0.20273972602739726,0,0.0,1.0,1.0,0.0
883,1,1,31,0,1,1970.0,0.1726027397260274,0,1.0,0.0,1.0,0.0
884,0,1,195,1,1,1998.0,1.0,0,1.0,0.0,1.0,0.0
885,0,1,195,1,1,1996.0,0.9917808219178083,0,0.0,0.0,1.0,0.0
886,1,1,31,0,1,2001.0,0.27123287671232876,0,0.0,1.0,1.0,0.0
887,1,1,31,0,1,1964.0,0.1643835616438356,0,1.0,0.0,1.0,0.0
888,1,1,31,0,1,1998.142857142857,0.005479452054794521,0,0.0,1.0,1.0,0.0
889,1,1,31,0,1,1991.0,0.3506849315068493,0,1.0,0.0,1.0,0.0
890,1,3,124,0,1,2001.0,0.024657534246575342,0,0.0,1.0,1.0,0.0
891,1,3,31,1,1,1994.0,0.9123287671232877,0,0.0,1.0,1.0,0.0
892,1,1,124,0,1,1997.0,0.0,0,0.0,1.0,1.0,0.0
893,1,1,31,0,1,1973.0,0.14246575342465753,0,1.0,0.0,1.0,0.0
894,1,1,123,0,1,1973.0,0.18356164383561643,0,1.0,0.0,1.0,0.0
895,1,1,31,0,1,1981.0,0.04657534246575343,0,1.0,0.0,1.0,0.0
896,1,1,31,0,1,1977.0,0.16164383561643836,0,1.0,0.0,1.0,0.0
897,1,1,31,0,1,2002.0,0.2191780821917808,0,1.0,0.0,1.0,0.0
898,1,1,4,0,1,1973.0,0.14246575342465753,0,1.0,0.0,1.0,0.0
899,1,1,190,1,3,1980.0,0.8986301369863013,0,1.0,0.0,1.0,0.0
900,1,1,158,1,2,1996.0,0.8958904109589041,0,0.0,0.0,1.0,0.0
901,1,1,33,1,2,1968.0,0.8958904109589041,0,1.0,0.0,1.0,0.0
902,1,1,31,0,1,2000.0,0.13424657534246576,0,0.0,1.0,1.0,0.0
903,1,1,55,0,1,1995.0,0.019178082191780823,0,0.0,1.0,1.0,0.0
904,1,1,43,0,1,1995.0,0.23013698630136986,0,0.0,1.0,1.0,0.0
905,1,1,31,1,1,1986.0,0.8958904109589041,0,1.0,0.0,1.0,0.0
906,1,1,31,0,1,2001.0,0.14520547945205478,0,0.0,1.0,1.0,0.0
907,1,1,31,0,1,1960.0,0.14246575342465753,0,1.0,0.0,1.0,0.0
908,1,1,31,0,1,1968.0,0.1232876712328767,0,1.0,0.0,1.0,0.0
909,1,1,31,0,1,1980.0,0.14794520547945206,0,0.0,0.0,1.0,0.0
910,1,1,31,0,1,1972.0,0.07945205479452055,0,0.0,0.0,1.0,0.0
911,1,1,31,0,1,1997.0,0.136986301369863,0,0.0,0.0,1.0,0.0
912,1,1,31,0,1,1976.0,0.136986301369863,0,0.0,0.0,1.0,0.0
913,1,1,31,1,1,1970.0,0.8794520547945206,0,0.0,0.0,1.0,0.0
914,1,1,31,0,1,1975.142857142857,0.1726027397260274,0,1.0,0.0,1.0,0.0
915,1,1,31,0,1,1993.0,0.33424657534246577,0,1.0,0.0,1.0,0.0
916,1,1,31,0,1,1951.0,0.052054794520547946,0,1.0,0.0,1.0,0.0
917,1,1,31,0,1,1979.0,0.08767123287671233,0,1.0,0.0,1.0,0.0
918,1,1,29,0,1,1963.0,0.3726027397260274,0,1.0,0.0,1.0,0.0
919,1,1,163,1,3,1970.0,0.8767123287671232,0,1.0,0.0,1.0,0.0
920,1,1,33,0,2,1994.0,0.25753424657534246,0,0.0,1.0,1.0,0.0
921,1,1,31,0,1,1980.0,0.09041095890410959,0,1.0,0.0,1.0,0.0
922,1,1,31,0,1,1989.0,0.005479452054794521,0,1.0,0.0,1.0,0.0
923,1,1,31,1,1,1999.0,0.8383561643835616,0,0.0,1.0,1.0,0.0
924,1,1,31,0,1,1968.0,0.10136986301369863,0,1.0,0.0,1.0,0.0
925,1,1,31,0,1,1956.0,0.14520547945205478,0,1.0,0.0,1.0,0.0
926,1,1,31,0,1,1966.0,0.14520547945205478,0,1.0,0.0,1.0,0.0
927,1,1,31,0,1,1995.0,0.20821917808219179,0,0.0,1.0,1.0,0.0
928,1,1,31,0,1,2002.0,0.15342465753424658,0,0.0,1.0,1.0,0.0
929,1,1,31,1,1,2002.0,0.8301369863013699,0,0.0,1.0,1.0,0.0
930,1,1,31,0,1,2003.0,0.005479452054794521,0,0.0,1.0,1.0,0.0
931,1,1,31,0,1,1994.0,0.0,0,1.0,0.0,1.0,0.0
932,1,1,31,1,1,1994.0,0.8191780821917808,0,0.0,1.0,1.0,0.0
933,1,1,56,1,1,1996.0,0.8328767123287671,0,0.0,1.0,1.0,0.0
934,1,1,31,0,1,1988.0,0.04657534246575343,0,0.0,1.0,1.0,0.0
935,1,1,53,0,1,1999.0,0.0821917808219178,0,0.0,1.0,1.0,0.0
936,1,1,69,1,2,2001.0,0.8383561643835616,1,0.0,1.0,1.0,0.0
937,1,1,31,0,1,1980.0,0.03561643835616438,0,1.0,0.0,1.0,0.0
938,1,5,31,0,1,1982.0,0.06301369863013699,0,1.0,0.0,1.0,0.0
939,1,1,55,0,1,1972.0,0.27123287671232876,0,1.0,0.0,1.0,0.0
940,1,1,31,0,1,1990.0,0.06027397260273973,0,1.0,0.0,1.0,0.0
941,1,1,31,1,1,1972.0,0.8027397260273973,0,1.0,0.0,1.0,0.0
942,0,1,8,0,2,1983.0,0.29041095890410956,0,0.0,0.0,1.0,0.0
943,1,1,31,1,1,1998.0,0.8082191780821918,0,1.0,0.0,1.0,0.0
944,1,1,31,1,1,1986.0,0.810958904109589,0,0.0,0.0,1.0,0.0
945,1,1,191,0,2,1994.0,0.3643835616438356,0,0.0,0.0,1.0,0.0
946,1,1,31,1,1,1999.0,0.8383561643835616,0,0.0,0.0,1.0,0.0
947,1,1,31,1,1,1996.0,0.8328767123287671,0,1.0,0.0,1.0,0.0
948,0,1,30,0,1,1998.0,0.14794520547945206,0,0.0,1.0,1.0,0.0
949,1,1,22,1,2,1991.0,0.8136986301369863,1,0.0,1.0,1.0,0.0
950,1,1,31,0,1,1995.0,0.0273972602739726,0,1.0,0.0,1.0,0.0
951,1,1,192,1,2,1995.0,0.7835616438356164,0,1.0,0.0,1.0,0.0
952,1,1,7,1,2,2000.0,0.7835616438356164,0,0.0,1.0,1.0,0.0
953,1,1,33,1,2,1995.0,0.7835616438356164,0,0.0,1.0,1.0,0.0
954,1,5,6,0,2,1964.0,0.03561643835616438,0,1.0,0.0,1.0,0.0
955,1,1,4,1,1,1975.0,0.7890410958904109,0,1.0,0.0,1.0,0.0
956,1,1,4,1,1,1990.0,0.7890410958904109,0,1.0,0.0,1.0,0.0
957,1,1,4,1,1,1974.0,0.7890410958904109,0,1.0,0.0,1.0,0.0
958,1,1,4,1,1,1987.0,0.7890410958904109,0,1.0,0.0,1.0,0.0
959,1,1,4,1,1,1995.0,0.7890410958904109,0,1.0,0.0,1.0,0.0
960,1,1,4,1,1,1987.0,0.7890410958904109,0,1.0,0.0,1.0,0.0
961,1,1,4,1,1,1972.0,0.7890410958904109,0,1.0,0.0,1.0,0.0
962,1,1,31,1,1,1998.0,0.8027397260273973,0,0.0,1.0,1.0,0.0
963,1,1,31,0,1,2002.0,0.44931506849315067,0,0.0,1.0,1.0,0.0
964,1,5,22,0,2,1997.0,0.40273972602739727,0,1.0,0.0,1.0,0.0
965,1,1,8,0,2,1997.0,0.0410958904109589,0,0.0,0.0,1.0,0.0
966,1,3,8,1,2,1997.0,0.7068493150684931,0,0.0,1.0,1.0,0.0
967,1,1,22,1,2,1994.0,0.7041095890410959,0,0.0,0.0,1.0,0.0
968,1,1,4,1,1,1987.0,0.6931506849315069,0,1.0,0.0,0.0,1.0
969,1,1,124,1,1,1968.0,0.6876712328767123,0,1.0,0.0,1.0,0.0
970,1,1,56,0,1,1986.0,0.021917808219178082,0,1.0,0.0,1.0,0.0
971,1,1,90,0,2,1987.0,0.3315068493150685,0,1.0,0.0,1.0,0.0
972,1,1,31,1,1,1965.0,0.684931506849315,0,1.0,0.0,1.0,0.0
973,1,1,31,1,1,1980.0,0.6821917808219178,0,1.0,0.0,1.0,0.0
974,1,1,78,0,2,1989.0,0.38082191780821917,0,1.0,0.0,1.0,0.0
975,1,1,1,1,1,1991.0,0.6712328767123288,0,1.0,0.0,1.0,0.0
976,1,1,31,1,1,1980.0,0.663013698630137,0,1.0,0.0,1.0,0.0
977,1,1,31,1,1,1998.0,0.6054794520547945,0,0.0,1.0,1.0,0.0
978,1,1,31,1,1,1998.0,0.6054794520547945,0,0.0,1.0,1.0,0.0
979,1,1,31,1,1,1998.0,0.6054794520547945,0,0.0,1.0,1.0,0.0
980,1,1,31,1,1,1998.0,0.6054794520547945,0,0.0,1.0,1.0,0.0
981,1,1,24,1,1,1978.7142857142858,0.5342465753424658,0,1.0,0.0,1.0,0.0
982,1,1,104,0,3,1965.0,0.3095890410958904,0,1.0,0.0,1.0,0.0
983,1,1,54,1,1,1986.0,0.4520547945205479,1,1.0,0.0,1.0,0.0
984,0,1,143,1,2,1996.0,0.3506849315068493,0,0.0,1.0,1.0,0.0
985,1,1,31,1,1,1980.0,0.3424657534246575,0,1.0,0.0,1.0,0.0
986,0,1,33,1,2,1989.0,0.33424657534246577,0,1.0,0.0,1.0,0.0
987,1,1,38,1,2,1965.0,0.33424657534246577,0,1.0,0.0,1.0,0.0
988,1,1,8,1,2,1988.0,0.26575342465753427,0,0.0,0.0,1.0,0.0
989,1,1,78,1,2,1984.0,0.26301369863013696,0,1.0,0.0,1.0,0.0
990,1,1,198,1,2,1981.0,0.23835616438356164,0,1.0,0.0,1.0,0.0
991,1,1,111,1,2,1996.0,0.1863013698630137,0,0.0,1.0,1.0,0.0
992,0,1,17,0,2,1993.0,0.13972602739726028,0,0.0,1.0,1.0,0.0
993,1,1,8,1,2,1994.0,0.11232876712328767,0,0.0,1.0,1.0,0.0
994,1,1,201,1,2,1997.0,0.07397260273972603,0,0.0,1.0,1.0,0.0
995,1,1,8,1,2,1990.0,0.06575342465753424,0,0.0,1.0,1.0,0.0
996,1,1,104,1,3,1979.0,0.03287671232876712,0,1.0,0.0,1.0,0.0
